gene_id,S1.c2,S10.c2,S11.c2,S12.c2,S2.c2,S3.c2,S4.c2,S5.c2,S6.c2,S7.c2,S8.c2,S9.c2
Cers6,1833,2077,1812,1189,1349,742,1377,2209,2036,1798,4167,1947
Gm14023,13,13,7,11,5,3,4,9,0,9,10,19
Bpifb3,0,0,0,0,0,0,0,0,0,0,0,0
Bpifb2,0,0,0,0,0,0,0,0,0,0,0,0
Bpifb1,0,12,28,0,5,87,15,49,84,3,16,29
Olfr1290,0,0,0,0,0,0,0,0,0,0,0,0
Olfr1297,0,0,0,0,0,0,0,0,0,0,0,0
Bpifb6,0,0,0,0,0,0,0,0,0,0,0,0
Olfr1295,0,0,0,0,0,0,0,0,0,0,0,0
Bpifb4,2,0,0,0,0,0,0,0,0,0,0,0
Olfr1299,0,0,0,0,0,0,0,0,0,0,0,0
Olfr1298,0,0,0,0,0,0,0,0,0,0,0,0
Olfr1051,0,0,0,0,0,0,0,0,0,0,0,0
Olfr1053,0,0,0,0,0,0,0,0,0,0,0,0
Olfr1052,0,0,0,0,0,0,0,0,0,0,0,0
Olfr1055,0,0,0,0,0,0,0,0,0,0,0,0
Olfr1054,0,0,0,0,0,0,0,0,0,0,0,0
Olfr1057,0,0,0,0,0,0,0,0,0,0,0,0
Olfr1056,0,0,0,0,0,0,0,0,0,0,0,0
Olfr1058,0,0,0,0,0,0,0,0,0,0,0,0
Mir2861,4,5,5,10,3,2,13,4,4,5,4,13
R3hdml,0,0,0,0,0,0,0,0,0,0,0,0
B2m,22949,42017,36649,24068,22158,9824,22387,91449,100558,74935,155847,35293
Gm14440,1057,1481,948,765,908,434,714,716,702,641,1380,1035
Them7,0,0,0,0,0,0,0,0,0,0,0,0
Gm14151,0,0,0,0,0,0,0,0,0,0,0,0
Samd10,11,17,21,19,21,9,11,10,11,15,21,28
Ubac1,610,640,560,483,583,291,530,569,767,454,994,721
Cstf1,641,677,589,445,465,210,501,589,711,482,1007,629
Cstf3,407,530,400,328,387,204,412,544,640,392,836,419
Gad1os,0,0,0,0,0,0,0,0,0,0,4,0
Ocstamp,0,0,0,0,0,0,0,0,0,0,0,0
Mettl8,128,206,160,138,141,46,141,175,214,124,251,203
Cebpb,11869,9993,7139,8830,8327,428,10922,7696,7625,4599,14405,10837
Acvr1,1796,1467,1701,1257,1765,841,1883,1404,1370,1198,2372,1741
Vps18,972,986,828,713,815,377,741,791,945,560,1321,925
Fubp3,1295,1421,1196,971,1007,548,1133,1311,1458,1127,2321,1207
Mettl5,138,198,128,113,157,72,114,163,136,97,219,152
Slc25a12,1111,1439,1194,926,946,511,1061,1017,1165,778,1519,1380
Rtel1,853,983,784,746,747,294,650,794,997,701,1444,798
Nmt2,1134,1132,1046,973,1089,565,1163,940,1065,839,1759,1153
Aven,270,305,245,190,232,130,242,324,344,190,461,318
Bpifb5,0,0,0,0,0,0,0,0,0,2,0,0
Olfr1294,0,0,0,0,0,0,0,0,0,0,0,0
March7,1087,1349,1100,868,762,521,941,1026,1054,829,1595,1268
Sstr4,0,3,4,5,2,1,2,2,2,0,0,4
Rbck1,2512,2711,2364,2025,2089,992,2012,2235,2487,1561,3590,2744
Rabgap1,1789,2078,1975,1346,1523,805,1695,1699,1867,1415,2848,2037
Npdc1,2667,3476,3156,2838,2436,1166,2460,2215,2580,1531,3142,3457
Spo11,0,0,0,0,0,0,0,0,0,0,0,0
Zswim1,262,303,272,197,234,104,211,236,248,154,368,271
Zswim2,0,0,0,0,0,0,0,0,0,0,0,0
Zswim3,183,173,179,145,130,50,128,142,157,83,215,173
Hoxd3os1,0,0,0,0,0,0,0,0,0,0,0,0
Ppp1r16b,64,58,57,41,25,28,14,65,32,22,107,101
Ndrg3,1520,1874,1747,1271,1348,657,1378,1610,1931,1048,2392,1901
Ttc30a2,181,202,196,128,142,76,147,138,160,92,153,193
Ttc30a1,189,223,216,163,165,85,173,201,234,122,229,243
Madd,395,386,273,319,315,163,305,390,389,257,692,355
H13,4149,4293,4105,3196,3551,1487,3619,4430,4641,3095,7756,4460
Rpap1,929,1012,784,693,798,387,661,917,1095,698,1552,876
Klhl41,0,8,2,0,3,0,2,4,10,0,5,4
4933406J08Rik,0,0,0,0,0,0,0,0,0,0,0,0
Lama5,2253,2378,1839,1750,1231,760,1545,3725,5032,1921,7183,1869
Tshz2,2838,3762,3345,2692,2726,1356,2983,2319,2538,2097,4344,3749
Mir133a-2,0,0,0,0,0,0,0,0,0,0,0,0
Foxs1,137,157,202,140,155,83,177,195,256,71,260,175
Sall4,0,0,0,0,0,0,0,0,0,0,0,0
Arhgap11a,50,78,47,37,66,25,58,206,378,252,340,48
Stx16,816,1726,1277,1303,1494,630,1389,1355,1423,1072,2318,1529
4930443O20Rik,0,0,5,3,0,0,3,0,0,4,10,0
Slc17a9,31,58,23,32,43,6,29,81,95,80,166,24
Srms,0,5,0,0,0,0,0,0,0,4,3,0
P2rx3,2,0,3,6,8,2,4,6,8,3,14,0
Olfr1197,0,0,0,0,0,0,0,0,0,0,0,0
Spint3,0,0,0,0,0,0,0,0,0,0,0,0
Spint1,0,4,6,0,0,2,8,2,6,0,10,5
Spint4,0,0,0,0,0,0,0,0,0,0,0,0
8030442B05Rik,0,5,3,0,0,0,0,3,0,0,0,0
Psmd5,917,1134,893,704,777,426,868,1063,1222,737,1545,987
Ralgps1,117,169,136,129,154,66,144,84,103,46,160,173
Mir147,0,1,1,2,0,1,1,1,1,1,1,1
Agpat2,653,692,610,533,535,272,589,685,723,539,1357,713
Stam,1098,1281,1122,922,1062,581,1022,1074,1065,723,1561,1215
Lcn5,0,0,0,0,0,0,0,0,0,0,0,0
Lcn4,0,0,0,0,0,0,0,0,0,0,0,0
Lcn6,0,0,0,0,0,0,0,0,0,0,0,0
Lcn3,0,0,0,0,0,0,0,0,0,0,0,0
Itpripl1,151,172,189,135,158,64,179,164,245,129,298,147
Prpf18,1223,1472,1201,950,1180,545,1063,1058,1135,818,1712,1418
Lcn9,0,0,0,0,0,0,0,0,0,0,0,0
Lcn8,0,0,0,0,0,0,0,0,0,0,0,0
Tmem203,307,362,293,209,233,127,216,249,274,218,373,299
Gm16796,0,0,0,0,0,0,0,0,0,0,0,0
Mir3089,0,0,0,1,0,0,0,0,0,0,1,1
Nron,0,0,0,0,0,0,0,0,0,0,0,0
Zfp442,144,169,111,84,91,33,111,123,157,90,157,127
BC039771,0,41,33,20,2,0,42,33,3,0,55,0
Slc27a4,1451,1351,1460,1134,1403,619,1400,1459,1654,880,2354,1532
Slc27a2,0,0,0,0,0,0,0,0,0,0,0,0
Uck1,2078,2253,1803,1626,1657,751,1580,1346,1367,795,1884,2188
Abo,0,0,0,0,0,0,0,0,0,0,0,0
Fign,282,334,249,219,220,100,251,279,325,231,529,322
Dfnb59,0,0,0,0,0,0,0,0,0,0,2,0
AV039307,6,7,10,0,0,0,0,13,4,6,16,10
Fam78a,2,2,0,0,2,4,4,7,7,0,11,4
A430105I19Rik,840,1001,786,802,635,319,608,552,619,554,1213,949
Pla2g4e,0,0,0,0,0,0,0,0,0,0,0,0
8430427H17Rik,776,754,603,517,652,282,593,656,533,356,878,759
Gpsm1,3007,3200,2654,2723,2811,1318,2707,1984,1986,1686,3357,3073
Kbtbd4,399,437,428,300,374,164,316,435,532,288,613,446
Ermn,0,0,0,0,0,0,0,0,0,0,0,0
Slc24a5,3,4,3,0,0,0,2,0,0,2,0,3
Slc24a3,2205,1899,1535,1015,1530,707,1469,1143,1009,821,1798,1933
Defb36,0,0,0,0,0,0,0,0,0,0,0,0
Nsfl1c,1594,1996,1706,1442,1570,646,1594,1854,2140,1337,3249,1823
Usp8,2373,2703,2309,1726,2039,979,2152,2323,2578,1762,3702,2536
Rif1,1018,1234,956,814,900,558,1081,1041,1107,838,1631,1079
Stau1,3272,3259,3123,2438,2558,1267,2791,2944,2306,2394,5390,3157
Mir130a,0,0,0,0,0,0,0,0,0,0,0,0
Ano3,3,16,9,7,9,4,9,4,10,5,9,29
Olfr1110,0,0,0,0,0,0,0,0,0,0,0,0
Olfr1111,0,0,0,0,0,0,0,0,0,0,0,0
Card9,4,6,0,4,0,0,4,2,5,0,9,0
Olfr1113,0,0,0,0,0,0,0,0,0,0,0,0
Olfr1115,0,0,0,0,0,0,0,0,0,0,0,0
Olfr1118,0,0,0,0,0,0,0,0,0,0,0,0
4930426L09Rik,2,18,7,7,2,1,4,5,6,15,12,1
Uqcc1,734,890,746,573,596,317,692,668,779,519,1027,931
Znf512b,2196,2320,1870,1972,1961,842,1959,1670,1897,1450,3350,2190
Acvr1c,0,0,0,2,0,0,0,0,0,0,0,0
Stom,655,949,812,591,553,310,643,1100,1580,777,1604,823
Hat1,334,395,321,216,294,159,359,573,894,498,851,373
Rpl35,4061,5639,5332,4518,4393,2314,4780,6522,7908,5138,10448,5410
Ppip5k1,1233,1408,1245,986,1114,489,1043,818,725,550,1444,1382
Vsx1,0,0,0,0,0,0,0,0,0,0,0,0
Slco4a1,0,5,0,0,0,0,0,130,313,92,131,3
Bcas1,7,6,5,12,4,0,4,5,3,6,3,8
A730036I17Rik,0,0,0,0,0,0,0,0,0,0,0,0
Oxt,0,3,0,0,0,0,5,0,0,0,0,0
Olfr1099,0,0,0,0,0,0,0,0,0,0,0,0
Ino80,1184,1422,1193,1066,1128,516,1176,1283,1442,1082,2620,1300
Sfmbt2,8,12,11,5,21,8,10,15,18,23,24,4
BB557941,0,0,0,0,0,0,0,0,0,0,0,0
Blvra,263,407,355,277,265,132,278,357,407,269,564,373
Setx,1327,1774,1413,1129,1359,662,1458,1475,1804,1238,2519,1587
Olfr1024,0,0,0,0,0,0,0,0,0,0,0,0
Snrnp200,4919,5807,4848,3733,3892,2126,4318,4591,5232,3740,8004,5762
Olfr1026,0,0,0,0,0,0,0,0,0,0,0,0
Zdhhc5,2822,3114,3015,2135,2588,1272,2761,3475,4097,2665,5839,3203
Olfr1022,0,0,0,0,0,0,0,0,0,0,0,0
Olfr1023,0,0,0,0,0,0,0,0,0,0,0,0
4930442J19Rik,0,0,0,0,0,0,0,0,0,0,0,0
Olfr1028,0,0,0,0,0,0,0,0,0,0,0,0
Bhlhe23,0,0,0,0,0,0,0,0,0,0,0,0
Gm14308,0,1,0,0,0,0,0,0,1,0,2,0
Cst8,0,0,0,0,0,0,0,0,0,0,0,0
Cst9,0,0,0,0,0,0,0,0,0,0,0,0
Uap1l1,693,1068,972,787,746,341,814,793,957,626,1229,978
Vps16,1347,1608,1430,1290,1146,519,1173,1289,1498,1056,2595,1515
AI182371,0,17,3,5,14,0,7,0,11,13,16,13
Cst3,45828,53656,48616,36171,42127,18894,40865,31207,29814,23799,44109,46701
Gm14305,248,624,472,207,355,236,528,574,500,342,667,662
Cst7,0,0,0,0,0,0,0,0,0,0,0,0
Gm14306,6,0,0,0,0,0,0,0,0,0,0,0
Wdr5,1113,1245,1099,887,1066,446,1098,1193,1475,916,2100,1222
Gm14164,0,0,0,0,0,0,0,0,0,0,0,0
Gm14169,0,2,0,0,0,0,0,0,0,0,2,0
Ptf1a,0,0,0,0,0,0,0,0,0,0,0,0
Gm14496,0,0,0,0,0,0,0,0,0,0,0,0
Olfr1221,0,0,0,0,0,0,0,0,0,0,0,0
Naa20,717,993,748,604,801,387,712,861,1050,705,1337,842
Gm996,24,29,35,22,32,8,20,22,24,11,30,30
Pdss1,78,89,63,51,65,29,84,75,95,114,195,88
Gm14015,0,0,0,0,0,0,0,0,0,0,0,0
Tgm2,22657,27046,22624,14577,16437,8389,15737,22300,21793,15901,38271,23593
Tgm3,0,0,0,0,0,0,0,0,0,0,0,0
Tgm5,2,0,0,0,3,0,0,0,0,0,0,0
Tgm6,0,0,0,0,0,0,0,0,0,0,0,0
Tgm7,0,0,0,7,0,0,5,0,0,0,0,0
Abhd12,1751,1945,1671,1351,1580,671,1530,1464,1394,1124,2172,1965
Mageb3,3,7,3,4,2,1,2,7,3,2,10,2
Med27,437,538,458,354,387,183,404,426,523,343,763,521
Tor4a,410,524,491,321,405,159,363,406,516,252,568,458
Slc4a11,11,33,5,28,16,8,9,23,31,15,41,22
Slc4a10,0,4,7,15,14,0,0,4,0,5,9,38
Zfp133-ps,8,21,13,13,11,6,9,12,30,3,12,17
Rad21l,0,0,0,0,0,0,0,0,0,0,0,0
9430021M05Rik,0,0,0,0,0,0,0,0,0,0,0,0
Vim,50707,61682,52393,42060,49600,24279,50135,66271,80273,53089,100824,57858
Lamp5,0,0,0,0,0,0,0,0,0,0,0,0
Prom2,0,0,0,0,0,0,0,0,0,0,0,0
Myt1,0,0,0,0,0,0,0,0,0,0,0,0
Arhgap15os,0,0,0,0,0,0,0,0,0,0,0,0
Id1,577,748,715,480,750,257,571,819,874,468,971,678
Tmem62,300,476,367,290,304,123,298,243,247,202,433,411
Raly,3364,3990,3310,2699,2998,1432,3303,3998,4791,2845,6165,3658
Fam129b,2538,2894,2818,2025,2603,1224,2525,4175,5481,3297,8025,2604
Dut,345,451,377,301,328,159,340,599,1012,452,884,419
D630003M21Rik,518,831,820,653,613,296,640,320,437,266,353,797
Itch,2284,2379,2140,1117,1878,1015,1619,2058,2186,1608,3115,2315
Cel,0,8,6,6,0,0,2,4,0,0,5,0
Notch1,3036,2646,2556,2153,2238,1289,2366,2922,2662,1816,5130,3148
Gzf1,829,1066,868,681,774,396,716,759,778,597,1207,973
St6galnac6,2022,2344,1921,1523,1884,864,1748,1453,1789,1126,2216,1991
St6galnac4,518,540,483,412,433,215,430,590,658,385,897,531
Pip5kl1,0,4,0,2,2,0,0,3,0,0,0,0
Olfml2a,125,212,236,259,185,118,150,96,118,53,93,329
Ttc30b,629,677,605,447,518,274,468,411,502,333,574,716
4930402H24Rik,2647,2861,2394,1786,2087,1053,2449,2103,2190,1635,3437,2802
Strc,23,6,8,7,7,2,4,13,10,6,20,15
Set,2532,2578,2336,1537,2324,1197,2413,3787,5229,2890,4659,2556
Ganc,834,924,857,641,721,346,727,737,655,488,1087,919
Emc4,765,921,769,636,702,332,649,797,878,573,1186,874
Rtf1,1667,1982,1706,1295,1427,715,1659,1476,1690,1142,2509,1800
Crat,1717,1787,1497,1301,1587,704,1580,1403,1514,1048,2263,1736
Rspo4,73,39,23,29,42,36,56,48,37,36,100,53
Acvr2a,2275,2650,2216,1663,2137,1123,2126,2032,1770,1605,2626,2709
Optn,294,328,307,220,294,135,276,206,224,216,441,285
Tmem239,0,0,0,0,0,0,0,0,0,0,0,0
1110034G24Rik,170,227,208,178,164,73,159,153,141,98,216,232
Scn1a,0,0,0,0,0,0,2,0,0,0,0,0
Tmem236,2,0,0,0,4,3,0,3,0,2,3,0
Tmem230,626,759,581,428,576,258,490,536,593,401,831,604
Atp5g3,2115,2691,2143,1639,2244,1019,2137,3189,3586,2361,4438,2357
Mcm8,51,81,31,31,41,3,36,109,182,70,165,42
Mir511,0,0,0,0,0,0,0,0,0,0,0,0
Gm16523,7,6,9,2,8,2,9,9,7,8,12,10
Ciz1,1600,1743,1464,1465,1308,616,1310,1467,1692,1128,2727,1669
Mtx2,638,779,587,502,559,261,610,736,851,600,1247,669
Pdrg1,1152,1408,1231,915,979,447,922,1174,1218,749,1859,1361
Muc15,0,0,8,0,0,0,0,0,0,0,0,2
Dnlz,650,752,635,533,554,262,560,680,905,524,1126,614
Pdyn,4,15,6,6,6,0,3,29,57,29,56,8
Cd44,2294,3212,2816,1794,2141,936,1480,3064,6758,4227,5840,2817
Urm1,724,902,804,554,711,305,577,860,919,584,1309,825
Cd40,1480,1523,1263,867,1115,559,1018,898,638,597,1407,1486
L3mbtl1,0,0,0,0,0,0,0,0,0,0,0,0
Rnf114,1255,1497,1333,1035,1219,533,1060,1678,1935,1362,3234,1451
Nutm1,0,0,0,0,0,0,0,0,0,0,0,0
Sec16a,4225,4698,4074,3570,3755,1866,4086,4357,4883,3387,8348,5035
Scai,386,490,355,368,494,203,451,324,369,384,673,434
Rassf2,720,1124,1185,1108,1023,547,1161,885,1053,666,1324,1285
Pcmtd2,1506,1721,1384,1058,1143,731,1186,1060,1059,768,1479,1685
Ncoa3,3361,3707,3083,2655,2771,1467,2985,2527,2559,1995,4740,3491
Ncoa6,2086,2162,1959,1624,1851,902,2204,1805,2060,1606,3489,2311
Ncoa5,1460,1587,1338,1268,1257,556,1250,1329,1517,818,2298,1486
Mir126b,0,0,0,0,0,0,0,0,0,0,0,0
Csnk2a1,2724,3093,2538,2038,2722,1223,2530,2687,3031,2031,4174,2801
Grin1os,0,0,0,0,2,0,0,0,0,0,0,0
Nup35,469,622,526,413,476,198,516,601,723,468,957,542
Defb21,0,0,0,0,0,0,0,0,0,0,0,0
Defb20,0,0,0,0,0,0,0,0,0,0,0,0
Defb23,0,0,0,0,0,0,0,0,0,0,0,0
Defb22,0,0,0,0,0,0,0,0,0,0,0,0
Defb25,14,21,7,9,13,10,13,5,10,5,13,13
Defb26,0,0,0,0,0,0,0,0,0,0,0,0
Defb29,0,0,0,0,0,0,0,0,0,0,0,0
Defb28,0,0,0,0,0,0,0,0,0,0,0,0
Armc3,0,0,0,0,0,0,0,0,0,0,0,0
1700026D11Rik,0,0,0,0,0,0,0,0,0,0,0,0
Gcnt7,0,0,0,0,0,0,0,0,0,0,0,0
Exd1,14,21,25,13,12,10,15,31,15,10,45,17
Prg2,0,16,2,0,0,0,0,3,0,0,0,2
Ptk6,0,0,0,0,0,0,0,0,0,0,0,0
Naif1,167,157,122,81,101,55,67,99,140,69,144,137
Olfr1102,0,0,0,0,0,0,0,0,0,0,0,0
Olfr1101,0,0,0,0,0,0,0,0,0,0,0,0
Olfr1100,0,0,0,0,0,0,0,0,0,0,0,0
Olfr1107,0,0,0,0,0,0,0,0,0,0,0,0
Olfr1106,0,0,0,0,0,0,0,0,0,0,0,0
Olfr1105,0,0,0,0,0,0,0,0,0,0,0,0
Olfr1104,0,0,0,0,0,0,0,0,0,0,0,0
Olfr1109,0,0,0,0,0,0,0,0,0,0,0,0
Tmco5b,0,0,0,0,0,0,0,0,0,0,0,0
1700007K13Rik,0,3,0,0,0,0,0,0,0,0,0,0
Fcnb,0,0,0,0,0,0,0,0,0,0,0,0
AI847159,0,0,0,0,0,0,0,0,0,0,0,0
Wt1os,0,0,0,0,0,0,0,0,0,0,0,0
Tubb1,7,3,2,7,6,3,5,5,11,3,9,12
Mybpc3,0,3,0,0,0,0,0,0,0,0,0,0
Eppin,0,0,0,0,0,0,0,0,0,0,0,0
Ext2,4684,5197,4417,3469,3997,1867,4084,4873,5584,3567,7579,5101
Olfr1037,0,0,0,0,0,0,0,0,0,0,0,0
Olfr1036,9,3,7,3,5,2,4,4,4,2,4,2
Olfr1034,25,26,24,30,33,13,25,13,21,13,23,21
Olfr1033,379,464,347,372,452,196,402,282,293,309,606,389
Olfr1032,23,32,24,30,34,8,24,21,13,6,35,33
Olfr1031,0,0,0,0,0,0,0,0,0,0,0,0
Olfr1030,0,0,0,0,0,0,0,0,0,0,0,0
Ryr3,81,176,138,178,54,19,47,41,60,33,109,196
Sdc4,8215,9838,7262,5601,7407,3336,7375,8380,8286,6819,17921,7347
Sdccag3,2057,2247,1785,1742,1749,810,1939,1567,1735,1141,2939,2146
Itgav,2615,3012,2601,1967,2365,1246,2639,2630,3286,2092,3895,3085
9230104L09Rik,0,0,0,0,0,0,0,0,0,0,0,0
Ctxn2,0,0,0,0,0,0,0,0,0,0,0,0
Camk1d,156,223,228,220,168,120,176,110,119,98,130,279
Tspyl3,306,455,398,267,310,136,309,271,295,211,380,431
Gata5os,37,24,26,17,18,3,17,12,6,4,16,22
Phf19,52,92,46,36,41,15,45,150,301,128,217,61
Gpd2,536,683,577,447,438,275,566,561,615,482,878,602
Gle1,1487,1789,1527,1165,1296,618,1289,1392,1640,1065,2139,1763
Itga8,44297,41146,37589,21284,24926,14773,29013,24758,21060,16709,32049,42104
Cep152,202,286,198,197,198,87,220,241,254,127,366,248
Ralgds,3213,3294,3092,2659,2639,1394,2298,2355,2453,1601,3658,3765
Tcfl5,0,0,0,0,0,0,0,0,4,0,0,0
Nop56,1362,1650,1302,1136,1318,535,1395,1629,1898,1271,3009,1348
Itga4,5,11,5,5,6,9,5,11,19,20,49,7
Itga6,78,63,59,28,48,39,23,93,80,39,202,122
Man1b1,2793,3052,2942,2181,2372,1131,2437,2982,3602,2039,4739,3100
Fkbp7,2107,2593,2278,1574,2048,906,2007,1824,2124,1481,2598,2436
Gm14005,203,250,218,139,183,69,212,265,273,192,546,182
Cdk9,1681,1957,1673,1470,1571,728,1483,1414,1672,1074,2508,1888
Kcnip3,97,202,149,172,110,60,118,148,187,116,260,192
Pdhx,373,473,384,281,357,160,348,465,506,349,760,462
Mir6973b,1,1,1,1,0,1,1,3,1,1,1,1
Olfr1077-ps1,0,0,0,0,0,0,0,0,0,0,0,0
Cst10,0,0,0,0,0,0,0,0,0,0,0,0
Cst11,0,0,0,0,0,0,0,0,0,0,0,0
Pde1a,481,813,699,592,624,361,589,690,726,646,946,802
Cst13,0,0,0,0,0,0,0,0,0,0,0,0
D330050G23Rik,7,3,5,0,0,0,0,5,10,0,6,5
Aif1l,85,171,148,206,164,89,123,102,158,81,126,236
Fahd2a,167,184,136,119,138,36,152,144,115,103,207,167
Snrpb2,660,795,645,554,720,287,636,772,911,630,1133,748
Svs6,0,0,0,0,0,0,0,0,0,0,0,0
Svs4,0,0,0,0,0,0,0,0,0,0,0,0
Svs5,0,0,0,0,0,0,0,0,0,0,0,0
Svs2,0,0,0,0,0,0,0,0,0,0,0,0
Tomm34,1187,1380,1151,979,1002,479,932,882,995,627,1484,1302
Sppl2a,2343,2888,2402,1691,2435,1213,2286,2720,3022,2265,4166,2823
Hao1,0,0,0,0,0,0,0,0,0,0,0,0
Ppp1r14d,0,0,0,0,0,0,0,0,0,0,0,0
Edf1,2059,2356,2056,1583,1882,781,1718,2437,3302,1856,3802,2106
Rbpjl,0,0,0,0,2,0,4,0,0,0,0,0
Sulf2,3137,3701,4135,4796,3896,2304,4613,2885,3020,2467,4188,5041
Itpa,591,804,594,497,588,254,563,850,1063,594,1317,724
Ebf4,353,359,248,253,245,108,229,166,172,136,349,260
Bbox1,3,2,0,0,6,0,5,0,0,3,0,4
5430417L22Rik,462,439,368,362,413,176,395,438,528,319,721,478
Arl5a,2442,2937,2687,1866,2516,1308,2282,2385,2898,1764,3184,2934
Arl5b,1115,1818,1217,947,981,657,1419,1464,1329,1330,2168,1243
Olfr1313,0,0,0,0,0,0,0,0,0,0,0,0
Ctdspl2,922,1119,966,673,944,462,594,946,1060,778,966,884
Cacna1b,0,0,0,0,0,0,0,0,0,0,0,0
4932416H05Rik,187,221,213,151,155,102,176,172,201,118,235,224
Pltp,5263,6958,6529,4564,5129,2394,4745,4478,4628,3570,6608,6211
Cdca7,35,46,41,18,45,27,43,202,429,155,274,32
Usp20,523,594,526,450,450,206,415,419,528,355,802,557
Olfr1276,0,0,0,0,0,0,0,0,0,0,0,0
Olfr1271,0,0,0,0,0,0,0,0,0,0,0,0
Psmf1,872,1167,945,651,754,383,820,863,951,697,1391,1038
Dstn,6818,8599,7107,5217,7108,3197,6652,5895,6301,4534,7965,7656
Xrn2,1555,1917,1528,1120,1219,686,1405,1718,2144,1516,2946,1699
Pde11a,0,0,0,0,0,0,0,2,0,0,0,0
Dusp2,6,11,8,2,5,4,7,3,8,7,11,2
Arhgap1,4176,4471,3871,2991,3421,1512,3674,4992,5507,3928,8154,4314
Garnl3,652,602,489,449,622,242,594,430,370,386,801,538
Olfr1311,0,0,0,0,0,0,0,0,0,0,0,0
Med22,1495,1515,1209,968,1274,541,1193,1396,1658,900,2099,1460
Pmepa1,11646,10783,10280,8001,10822,5064,11608,11318,11203,9997,21179,10479
Hoxd13,0,0,0,0,0,0,0,0,0,0,0,0
Dnm1,5030,5609,4735,4878,4687,2077,4908,2944,2939,2667,5663,5227
Dynlrb1,1686,2421,1903,1490,1750,678,1820,1754,2209,1428,2826,2121
Fastkd5,272,374,314,193,292,125,274,267,296,194,442,298
Zfp64,562,615,546,414,466,195,435,462,501,333,721,598
Mir7222,0,0,0,0,0,0,0,0,0,0,0,0
Mir7221,0,0,0,0,0,0,0,0,0,0,0,0
Mir7224,0,0,0,0,0,0,0,0,0,0,1,0
Bfsp1,98,137,103,106,104,37,103,62,54,71,99,111
Syt13,2,22,32,16,5,0,0,172,519,117,119,14
Adamts13,0,0,0,0,0,0,0,0,0,0,0,0
Mir296,0,0,0,0,0,0,0,0,0,0,1,0
Bdnf,5,9,4,4,2,3,2,34,32,37,67,9
Mir298,0,0,0,0,0,0,0,0,0,0,0,0
Wfdc11,0,0,0,0,0,0,0,0,0,0,0,0
Wfdc10,4,0,0,0,2,4,0,0,2,0,4,0
Wfdc13,0,0,0,0,2,0,0,3,0,3,0,0
Wfdc12,0,9,16,3,0,0,0,14,12,12,32,8
Mtch2,2229,2730,2204,1632,2075,1044,2146,2542,2731,2172,4183,2511
Fam171b,124,184,194,219,165,114,200,163,195,101,117,233
Wfdc16,53,24,18,24,19,13,19,8,10,9,10,35
Ctcflos,0,0,0,0,0,0,0,0,0,0,0,0
Gm10804,0,0,0,0,0,0,0,0,0,0,0,0
Oprl1,0,0,2,0,0,0,0,4,0,0,2,0
Lgr4,328,381,368,365,396,191,378,319,370,272,486,462
Ehd4,641,739,560,446,462,291,426,593,638,420,961,811
2010009K17Rik,0,0,0,0,0,0,0,0,0,0,0,0
Fam166a,0,0,0,0,0,0,0,0,0,0,3,0
Ttf1,641,838,661,512,508,257,510,614,713,439,988,735
Scand1,755,659,614,704,540,308,682,703,733,447,1051,884
Abl1,5235,5712,5069,4442,4689,2289,4619,4815,5367,3899,8041,5811
A630075F10Rik,0,0,0,0,0,0,0,0,0,0,0,0
Cdh4,197,269,257,180,249,141,201,132,130,124,257,263
Mir7002,0,0,1,1,0,0,1,0,0,0,1,1
Mir7003,0,0,0,0,0,0,0,0,0,0,0,0
Mir7000,0,0,0,0,1,0,0,0,0,0,2,0
Mir7001,4,1,1,1,1,1,1,0,2,0,3,4
Mir7006,0,2,2,1,2,0,0,1,1,0,1,1
Defb19,0,0,0,0,0,0,0,0,0,0,0,0
Mir7004,0,0,1,1,1,1,1,1,1,1,1,1
Mir7005,8,4,4,5,1,2,4,10,7,6,14,1
Gjd2,0,0,0,0,0,0,0,0,0,0,0,0
Atp5e,1376,1963,1541,1241,1311,609,1542,1723,2240,1403,2673,1580
0610010B08Rik,0,1,0,181,0,0,0,0,198,0,2,21
Rem1,1667,1410,1351,1098,1150,513,1167,1020,1061,627,1534,1462
Nup160,977,1188,977,621,835,435,949,1001,1228,861,1587,1070
Pkig,1539,1566,1513,1029,895,615,1076,1743,1461,1591,2595,1718
Olfr1136,0,0,0,0,0,0,0,0,0,0,0,0
Olfr1137,0,0,0,0,0,0,0,0,0,0,0,0
Olfr1134,0,0,0,0,0,0,0,0,0,0,0,0
Olfr1135,0,0,0,0,0,0,0,0,0,0,0,0
Olfr1132,0,0,0,0,0,0,0,0,0,0,0,0
Olfr1133,0,0,0,0,0,0,0,0,0,0,0,0
Olfr1130,0,0,0,0,0,0,0,0,0,0,0,0
Olfr1131,0,0,0,0,0,0,0,0,0,0,0,0
Olfr1138,0,0,0,0,0,0,0,0,0,0,0,0
Ttpal,1012,1070,949,788,993,402,873,1141,1199,911,1733,1025
Adra1d,49,67,45,41,38,17,32,39,34,14,39,63
Cubn,0,13,5,4,3,3,8,20,47,6,43,12
Pet117,1,6,2,6,1,2,2,1,13,2,2,1
Hc,14,122,7,26,68,38,201,20,115,0,14,40
Proser2,51,39,27,17,31,12,40,20,19,4,26,30
Gss,300,425,322,238,312,130,264,425,537,293,727,329
Emilin3,5,8,9,0,7,3,0,16,30,4,12,4
Banf2,0,0,0,0,0,0,0,0,0,0,0,0
Olfr1009,0,0,0,0,0,0,0,0,0,0,0,0
Olfr1002,0,0,0,0,0,0,0,0,0,0,0,0
Olfr1000,0,0,0,0,0,0,0,0,0,0,0,0
Patl2,0,0,0,0,0,0,0,0,0,0,0,0
Gsn,1096434,1196021,1210465,995566,1064300,591411,1042143,487443,378391,370027,728628,1321088
5031425F14Rik,0,0,0,0,0,0,0,2,0,0,6,0
Spag4,27,21,13,19,24,7,18,8,14,12,37,22
Spint5,0,0,0,0,0,0,0,0,0,0,0,0
Wdsub1,1322,1463,1313,946,1174,545,1221,1043,1016,754,1555,1431
Ncaph,14,20,30,18,21,0,27,237,515,226,324,26
Rtn4rl2,264,369,330,267,214,110,185,671,696,652,1621,333
Scp2d1,0,0,0,0,0,0,0,0,0,0,0,0
Lime1,1012,1003,840,922,876,341,724,636,622,442,1155,882
Fbxw2,1894,2204,1988,1403,1645,751,1095,1689,1804,1259,1941,1523
Mir103-2,1,3,2,0,1,0,1,0,0,0,1,0
Fbxw5,1622,1870,1358,1384,1384,576,1243,1322,1584,1037,2427,1611
Mir6997,0,0,0,1,1,1,2,1,0,2,0,1
Mir6996,0,1,1,0,0,0,0,0,0,0,1,0
Olfr1318,0,0,0,0,0,0,0,0,0,0,0,0
Olfr1316,0,0,0,0,0,0,0,0,0,0,0,0
Olfr1317,0,0,0,0,0,0,0,0,0,0,0,0
Olfr1314,0,0,0,0,0,0,0,0,0,0,0,0
Dhrs9,58,54,37,41,44,24,37,39,38,18,34,47
Olfr1312,0,0,0,0,0,0,0,0,0,0,0,0
Pard6b,223,273,240,173,183,101,185,209,231,114,279,256
Olfr1310,0,0,0,0,0,0,0,0,0,0,0,0
Mir6998,1,4,2,3,3,1,2,1,1,1,3,2
1700019L03Rik,0,0,0,2,0,0,6,0,6,0,2,0
4631405J19Rik,0,0,0,0,0,0,0,0,0,0,0,0
Svs3a,0,0,0,0,0,0,0,0,0,0,0,0
Procr,85,148,170,282,178,97,181,206,173,214,396,238
BC029722,993,1168,1011,841,875,426,867,874,948,690,1366,1198
Bcl2l11,1129,1202,1079,726,902,407,819,719,803,630,1208,1150
Znfx1,2913,3026,2666,2297,2334,1096,2359,3100,3135,2894,6846,3019
Acbd7,0,0,0,0,0,0,0,0,0,0,0,0
Acbd5,765,859,930,596,901,492,984,900,819,718,948,986
Ahcy,1434,1685,1455,1071,1085,508,1156,1824,2517,1462,2603,1611
Fam209,9,5,10,11,8,7,13,0,5,9,18,13
Tprn,193,188,174,156,129,67,152,149,166,96,256,219
Tubb4b,6685,7629,6271,4893,6174,2923,6416,6418,7086,5052,10087,7279
Bcas1os2,0,0,0,0,0,0,0,0,0,0,0,0
Olfr1300-ps1,0,0,0,0,0,0,0,0,0,0,0,0
Top1,1913,1988,1761,1289,1680,760,1692,2174,2429,1469,3196,1831
Gm13807,0,0,0,0,0,0,0,0,0,0,0,0
Ccdc141,1118,1595,996,782,731,421,771,1001,964,751,1274,1322
Dpm2,910,1113,949,794,851,403,788,894,976,604,1325,1057
Dpm1,863,1146,898,658,874,420,761,831,868,644,1317,991
Prrg4,5,19,7,5,4,4,4,9,6,2,13,17
Rpl12,8148,12324,10472,8439,8625,4148,9156,13269,16971,10315,20664,11048
Gm13752,0,0,0,0,0,0,0,0,0,0,0,0
Trp53bp1,1496,1715,1478,1095,1329,619,1311,1309,1665,949,2505,1546
Polr3f,567,778,561,423,513,259,464,542,607,423,798,619
Cir1,944,1001,923,695,739,378,668,707,775,574,1191,1052
Ell3,0,0,0,0,0,0,0,0,2,0,0,0
Polr3k,416,576,431,301,455,182,426,541,625,337,753,443
Galnt3,0,0,0,0,0,0,0,0,0,0,0,0
Mir5622,0,0,0,0,0,0,0,0,0,0,0,0
Olfr988,0,0,0,0,0,0,0,0,0,0,0,0
Lcn2,48,277,177,122,38,25,54,3939,2371,4943,16064,223
Cacnb4,91,124,95,61,119,49,85,111,92,99,214,94
Wdr34,376,411,364,305,291,148,314,358,396,233,487,418
Mir466d,0,0,0,0,0,0,0,0,0,0,0,0
4933409G03Rik,0,0,0,0,0,0,0,0,0,0,0,0
Kif3b,1084,1352,1107,882,1003,493,1088,1169,1310,954,1982,1243
Wdr38,0,7,0,0,0,0,0,2,0,0,0,0
4930500J02Rik,7,6,4,0,8,2,0,5,0,2,0,0
Casc5,4,0,0,3,4,0,7,126,286,120,169,4
Trub2,464,487,444,416,361,166,344,477,410,367,873,479
Mir129-2,0,0,0,0,0,0,0,0,0,0,0,0
Xkr7,0,0,0,0,0,0,2,0,2,0,4,0
Olfr74,0,0,0,0,0,0,0,0,0,0,0,0
Olfr73,0,0,0,0,0,0,0,0,0,0,0,0
A530013C23Rik,40,60,38,43,67,24,41,18,26,24,36,32
Ehf,4,11,9,7,3,5,6,8,7,5,6,4
Yme1l1,2532,2982,2518,1641,2396,1199,2339,2875,3230,2166,4127,2583
Arhgap21,7573,7921,6894,6028,5984,3365,7249,5734,5744,5025,10261,8599
Fam69b,168,299,262,223,215,88,210,132,183,84,168,285
2810002D19Rik,183,227,199,149,191,87,150,189,261,124,239,207
Hrh3,0,0,0,0,0,0,0,0,0,0,0,0
Gm13375,601,505,409,376,411,184,338,328,206,225,411,564
Harbi1,169,194,166,127,135,73,144,161,196,109,271,193
Kcnh7,0,0,0,0,0,0,0,0,0,0,0,0
Prdm12,0,0,0,0,0,0,0,0,0,0,0,0
Prdm11,58,83,49,48,39,21,47,58,64,41,87,45
Cpne1,3371,3674,3093,2344,2995,1394,2985,3888,4529,1754,3479,2166
Scn3a,6786,5748,5444,3838,4560,2400,5180,3330,2492,2439,5016,6540
Aqr,2032,2195,1850,1437,1606,793,1696,2036,2319,1615,3509,2088
Cntrl,996,1244,940,1014,903,412,901,911,1063,797,1789,1089
Rbm39,5382,6677,5180,4653,5495,2360,5094,4936,5508,4135,8726,5631
Rbm38,57,48,56,45,47,18,47,96,101,36,102,46
Lrrn4,2,43,9,0,5,2,0,19,109,12,60,20
Fgf7,3941,5258,4032,2830,3252,1699,3346,2625,2671,2149,3880,4526
Olfr338,0,0,0,0,0,0,0,0,0,0,0,0
Ptprt,117,112,91,55,73,36,38,61,87,42,142,74
Mir3110,0,0,0,0,0,0,0,0,0,0,0,0
Ptpra,4603,5311,4671,3311,3860,1918,4194,3980,4427,3202,6400,5157
Ptprj,310,350,345,346,261,167,348,501,670,425,1047,423
Pck1,0,0,0,0,0,0,0,0,0,0,0,0
Arl6ip6,327,385,245,235,256,160,255,360,424,259,529,351
Dab2ip,4306,4157,3051,2432,2620,1872,2950,3005,3034,2966,5103,3860
Pter,349,410,370,266,322,167,302,266,314,236,379,359
1700061F12Rik,0,0,0,0,0,0,0,0,0,0,0,0
Tbc1d20,1478,1417,1386,1041,1213,609,1388,1444,1783,1083,2259,1521
Immp1l,317,454,358,240,361,201,359,386,441,304,517,389
3110099E03Rik,0,0,0,0,0,0,0,0,0,0,0,0
Anapc2,3750,3982,3667,3023,3364,1476,3449,3448,3813,2424,5402,3933
Ctcfl,0,0,0,0,0,0,0,0,0,0,0,0
Ier5l,799,746,793,658,674,361,710,690,771,383,1027,793
Nphp1,547,656,518,425,471,250,488,553,663,421,782,618
Fpgs,867,813,646,680,768,308,756,712,765,577,1415,704
Mir669g,0,0,0,0,0,0,0,0,0,0,0,0
Mir669i,0,0,0,0,0,0,0,0,0,0,0,0
Mir669j,0,0,0,0,0,0,0,0,0,0,0,0
Mir669k,0,0,0,0,0,0,0,0,0,0,0,0
1110008P14Rik,249,349,327,226,258,129,214,383,433,267,716,302
Olfr1129,0,0,0,0,0,0,0,0,0,0,0,0
Olfr1128,0,0,0,0,0,0,0,0,0,0,0,0
Olfr1121,0,0,0,0,0,0,0,0,0,0,0,0
Mir219b,0,0,0,1,0,0,0,0,0,0,0,0
Scg5,0,0,0,0,0,0,0,0,0,0,0,0
Olfr1122,0,0,0,0,0,0,0,0,0,0,0,0
Chp1,3938,4757,4104,3028,3535,1869,3797,3741,3825,2984,6261,4571
Olfr1124,0,0,0,0,0,0,0,0,0,0,0,0
Olfr1126,0,0,0,0,0,0,0,0,0,0,0,0
Gm6710,134,0,0,0,232,0,131,0,168,0,0,675
Ltk,0,0,0,0,0,0,0,0,0,0,0,0
Tubgcp4,1091,1216,1083,695,962,249,1080,1170,1501,851,1185,1153
Prdx6b,556,649,488,344,466,203,402,554,525,528,1100,581
Zbtb6,310,359,278,192,274,103,222,286,352,236,452,320
Myef2,684,920,638,567,597,262,736,741,901,519,1090,704
Qsox2,815,888,758,618,647,353,676,727,733,556,1121,862
Olfr1008,0,0,0,0,0,0,0,0,0,0,0,0
Mapk8ip1,1253,1279,1208,898,1056,554,960,1005,1158,772,1237,1297
5031426D15Rik,11,8,8,36,40,5,35,1,17,15,43,9
Slx4ip,25,65,60,47,42,18,37,69,79,40,97,82
Mir6364,0,0,0,0,0,0,0,0,0,0,0,0
Frmd5,32,91,71,45,22,7,42,70,138,81,120,58
Pak6,0,0,0,0,0,0,0,0,0,0,0,0
Pak7,0,0,0,0,0,0,0,0,0,0,0,0
Dgkz,1114,1141,1017,933,1074,451,979,1124,1343,819,1977,1066
Ift52,753,892,757,538,612,303,606,726,867,569,1156,870
6430503K07Rik,0,0,0,0,0,0,0,0,0,0,0,0
Fam83d,3,4,0,0,7,0,4,57,185,72,81,6
Prr5l,856,1135,975,714,486,312,472,1048,860,632,1865,1216
Olfr1019,0,0,0,0,0,0,0,0,0,0,0,0
Olfr1018,0,0,0,0,0,0,0,0,0,0,0,0
Olfr1015,0,0,0,0,0,0,0,0,0,0,0,0
Olfr1014,0,0,0,0,0,0,0,0,0,0,0,0
Olfr1016,0,0,0,0,0,0,0,0,0,0,0,0
C330006A16Rik,1760,1696,553,1151,1412,634,1352,1386,1650,993,1988,1712
Olfr1010,0,0,0,0,0,0,0,0,0,0,0,0
Olfr1013,0,0,0,0,0,0,0,0,0,0,0,0
Olfr1012,0,0,0,0,0,0,0,0,0,0,0,0
Tti1,709,745,578,476,575,272,527,677,802,433,1040,716
Pla2r1,5839,6415,5176,3796,4733,2021,4770,3764,3601,3094,6281,5615
Olfr1006,0,0,0,0,0,0,0,0,0,0,0,0
Erv3,0,0,0,0,0,0,0,0,0,0,0,0
Ak1,1704,2148,1780,1291,1627,685,1615,2308,2879,1785,3294,1973
Dnttip1,679,751,635,550,581,262,524,634,795,512,1092,706
D2Wsu81e,580,758,555,498,525,233,527,651,804,425,973,689
E2f1,229,279,242,207,228,133,263,396,643,298,325,323
Prg3,0,0,0,0,0,0,0,0,0,0,0,0
Mir133c,0,0,0,0,0,0,0,0,0,0,0,0
Col20a1,372,468,360,434,330,166,307,176,147,188,382,457
Olfr1301,0,0,0,0,0,0,0,0,0,0,0,0
Olfr1303,0,0,0,0,0,0,0,0,0,0,0,0
Olfr1302,0,0,0,0,0,0,0,0,0,0,0,0
Olfr1305,0,0,0,0,0,0,0,0,0,0,0,0
LOC102634401,0,0,0,0,0,0,0,0,0,0,0,0
Olfr1307,0,0,0,0,0,0,0,0,0,0,0,0
Olfr1306,0,0,0,0,0,0,0,0,0,0,0,0
Olfr1309,0,0,0,0,0,0,0,0,0,0,0,0
Olfr1308,0,0,0,0,0,0,0,0,0,0,0,0
Adra2b,1,2,3,3,4,6,4,2,4,3,4,2
Gmeb2,687,902,701,626,568,311,702,658,686,525,1133,776
Eif2s2,1797,2278,1737,1303,1771,895,1837,2531,2980,2067,4234,1924
B4galt5,1652,2414,2119,1676,1559,793,1669,3497,5139,2370,6198,2210
Ehmt1,1500,1627,1426,1179,1255,640,1291,1341,1627,1000,2258,1506
Tmc2,0,0,0,0,0,0,0,0,0,0,0,0
Jph2,2052,2089,1597,1395,1511,980,1677,2231,2360,1433,3168,1870
Gm14085,0,0,0,0,0,0,0,0,0,0,0,0
Mmp9,4,22,20,17,4,3,4,263,589,114,134,4
Ubox5,165,263,197,198,208,80,187,209,217,179,406,266
Zfp663,0,0,0,0,0,0,0,0,0,0,0,0
Zfp661,90,142,93,127,85,49,74,111,73,80,171,111
Tank,504,682,532,409,496,218,486,592,728,497,1142,593
Jmjd7,138,169,114,105,101,6,41,120,184,109,236,151
Olfr1274-ps,0,0,0,0,0,0,0,0,0,0,0,0
Dsn1,45,56,31,25,56,13,51,168,280,136,212,46
Aar2,660,823,668,512,594,274,518,676,790,492,1109,767
Secisbp2l,2697,3039,2523,1910,2074,1235,2478,2184,2285,1777,3788,2955
Mir3474,1,1,1,1,1,1,1,1,1,1,3,1
Nckap1,4689,5269,4458,3422,4197,2152,4851,5132,5964,4130,8151,5310
Agps,1272,1327,1212,771,995,579,1147,1296,1650,1064,2000,1207
Olfr998,0,0,0,0,0,0,0,0,0,0,0,0
Olfr996,0,0,0,0,0,0,0,0,0,0,0,0
Serinc4,5,4,5,3,7,2,0,2,10,5,11,5
Olfr994,0,0,0,0,0,0,0,0,0,0,0,0
Olfr995,0,0,0,0,0,0,0,0,0,0,0,0
Olfr992,0,0,0,0,0,0,0,0,0,0,0,0
Rab22a,1227,1280,1188,829,869,510,1113,1075,1179,846,1699,1324
Serinc3,21347,24147,20916,13994,17705,9200,17349,20158,17482,15538,30944,22865
Dok5,14,38,29,28,20,8,12,96,153,77,141,22
Dnmt3b,169,151,151,158,187,72,157,131,140,106,209,129
4930441J16Rik,0,0,0,0,0,0,0,0,0,0,0,0
Mir670,0,0,0,0,0,0,0,0,0,0,0,0
Mir674,1,1,0,0,0,1,0,0,0,0,1,0
Rims4,0,0,4,0,0,0,0,0,0,0,0,0
1700020I14Rik,647,676,634,464,483,275,540,615,795,495,994,724
Mga,2781,3361,2847,2495,2414,1355,2907,2376,2519,2134,4407,3456
6820408C15Rik,0,0,0,0,0,0,0,0,3,0,3,0
Agbl2,80,111,97,95,72,34,104,109,108,76,165,88
Kcng1,116,83,84,67,49,34,79,73,45,91,116,62
Snap23,1230,1549,1253,849,1181,611,1246,1600,1697,1179,2548,1363
Mir1a-1,0,0,0,0,0,0,0,0,0,0,0,0
Srp14,1665,2115,1586,1271,1553,697,1441,1708,1740,1177,2427,1781
Gm13582,0,0,0,0,0,0,0,0,0,0,0,0
Gm13580,0,0,0,0,0,0,0,0,0,0,0,0
Stard7,1720,1922,1643,1404,1544,784,1660,1426,1661,1164,2299,1972
Mir3473g,0,2,0,1,0,0,0,0,1,0,2,0
Upp2,12,4,0,0,2,4,0,0,0,5,3,0
Arl14ep,699,744,647,484,668,282,590,609,732,528,850,697
Mrgbp,272,237,233,207,229,95,196,255,274,189,475,254
Pax6os1,0,0,0,0,0,0,0,0,0,0,0,0
Shf,175,181,186,140,148,63,150,165,222,110,265,194
Cdk5rap1,212,305,285,204,216,88,206,216,224,158,351,274
Pbx3,230,260,249,209,215,97,206,390,633,301,636,298
Ptgs1,1308,2102,1405,1152,1195,493,1050,1707,2155,1169,2249,1615
Adnp,2624,3008,2548,2069,2580,1028,2629,2731,3019,2329,4581,2737
1700003F12Rik,0,0,0,0,0,0,0,0,0,0,0,3
Mir467d,0,0,0,0,0,0,0,0,0,0,0,0
Lpcat4,81,94,114,82,89,23,65,173,246,147,229,85
Lkaaear1,0,0,0,0,0,0,0,0,0,0,0,0
Actl10,0,0,2,2,0,0,0,2,0,0,2,1
4930573O16Rik,0,0,0,0,0,0,0,0,0,0,0,0
Gca,14,5,9,5,14,8,14,14,10,8,30,19
Gabpb1,405,523,454,345,419,148,395,506,581,410,837,425
Gcg,0,0,0,0,0,0,0,0,0,0,0,0
Wisp2,6408,7421,6671,4919,4683,2612,5190,9771,5986,8918,20244,7052
Crb2,0,14,5,4,2,0,0,5,27,2,9,6
Rnf24,894,971,847,635,902,381,913,763,903,638,1178,937
Hsd17b12,1478,1889,1420,891,1267,579,1273,1819,1954,1461,2750,1614
Olfr3,0,0,0,0,0,0,0,0,0,0,0,0
Stmn3,2,5,2,7,7,0,8,0,0,0,7,9
Ssfa2,1771,2065,1860,1404,1586,871,1753,1642,1805,1222,2529,2036
Eif2ak4,742,917,670,629,627,305,658,654,813,568,1373,780
Fkbp1a,5376,6182,5117,3766,4966,2180,5082,5797,6923,4349,8663,5745
Erich2,0,0,3,2,8,0,0,19,14,5,17,0
Il2ra,0,6,3,5,4,0,3,3,2,0,7,7
Gapvd1,1960,2145,1971,1606,1686,902,1839,1972,2088,1315,3292,2178
Olfr1168,0,0,0,0,0,0,0,0,0,0,0,0
Cnbd2,54,102,83,70,47,18,56,51,40,34,108,93
Ptges,4196,5500,4132,3116,3465,1553,2919,5791,6619,4329,9948,4567
Slc35c2,923,1047,880,774,808,361,771,907,1031,653,1352,936
Mafb,1807,1544,1503,1017,1116,637,1236,792,706,363,971,1589
Slc35c1,492,529,512,386,427,204,406,545,676,417,873,532
Dbh,6,0,5,0,0,0,0,3,0,5,7,0
Grem1,0,36,76,27,2,0,0,818,1845,370,436,22
Mir181a-2,0,0,0,0,0,0,0,0,0,0,0,0
Ss18l1,211,232,175,181,229,91,226,229,248,176,397,202
Mir7578,1,1,1,1,1,1,1,1,1,1,1,1
Nup214,1584,1651,1352,1184,1372,600,1353,1450,1661,1132,2617,1811
Pip4k2a,421,583,552,469,495,264,529,427,533,321,712,568
Atp5c1,2524,3341,2924,1996,2514,1157,2483,3197,3659,2405,4785,2918
Olfr1158,0,0,0,0,0,0,0,0,0,0,0,0
Ntng2,642,681,595,593,517,239,428,392,395,233,610,726
Olfr1154,0,0,0,0,0,0,0,0,0,0,0,0
Olfr1155,0,0,0,0,0,0,0,0,0,0,0,0
Olfr1156,0,0,0,0,0,0,0,0,0,0,0,0
Olfr1157,0,0,0,0,0,0,0,0,0,0,0,0
Olfr1151,0,0,0,0,1,0,0,0,0,0,0,0
Olfr1152,0,0,0,0,0,0,0,0,0,0,0,0
Olfr1153,0,0,0,0,0,0,0,0,0,0,0,0
Slc23a2,2557,2908,2762,2058,2152,1096,2338,2242,2331,1917,4154,3137
Trdmt1,243,347,253,148,249,97,232,233,200,227,404,270
Mir6999,1,1,1,0,2,0,1,2,1,0,2,1
4930517E11Rik,0,0,0,0,0,0,0,0,0,0,0,0
BC052040,156,168,117,87,140,61,118,139,210,146,218,127
Snord17,1,4,6,1,2,2,3,3,3,1,5,1
Snord12,20,27,14,20,21,8,13,15,9,12,38,14
Ccbl1,229,268,179,258,186,82,155,161,171,119,247,247
Pdia3,22689,31049,24965,15799,20392,9352,22037,27322,34503,19350,39283,27127
1500011K16Rik,256,301,220,218,233,107,212,196,216,172,289,227
Dusp19,154,226,174,130,157,79,161,188,218,170,245,149
Dusp15,0,0,0,3,0,0,0,0,0,0,0,2
Rpl7a,10672,14309,12384,9651,10823,5040,11034,14854,18257,11347,22786,12972
Bmi1,753,987,717,527,692,360,653,813,916,731,1236,789
Gm14295,177,290,175,142,191,74,201,241,235,223,422,209
Pax6,0,0,0,0,0,0,0,0,0,0,0,0
Pax1,63,111,96,106,87,46,64,41,56,33,78,111
1700001O22Rik,0,0,0,0,0,0,0,0,0,0,0,0
Pax8,0,0,0,0,0,0,0,0,0,0,0,0
Pfkfb3,3788,7718,5495,4459,5688,2393,6187,2348,3750,2477,4023,6630
1700101E01Rik,0,6,0,0,0,0,0,0,4,0,4,0
Bahd1,812,832,780,736,726,354,730,830,964,545,1358,897
Nr1h3,3038,3140,2757,2217,2439,1120,2181,2646,2296,1592,4089,3032
Slc20a1,811,1081,826,811,766,366,944,1341,1495,1105,2391,799
Tcea2,159,222,197,187,131,70,136,138,137,104,267,207
BC051628,0,0,0,0,0,0,0,0,0,0,0,0
Tm9sf4,3267,3702,3339,2447,2832,1355,3001,3432,3769,2514,5575,3815
Capn3,79,58,60,56,53,18,43,26,11,23,55,50
1700060C20Rik,0,0,0,0,0,0,0,0,0,0,0,0
Blcap,1067,1175,1038,771,964,422,910,1081,1272,841,1868,1083
Pced1a,1012,1120,926,775,813,339,675,855,871,623,1341,954
Rrbp1,13522,12773,13275,10762,11081,5018,12833,13255,15560,10650,25918,14162
Eif3j2,1232,1492,1144,886,1340,655,999,1419,1668,1095,2249,1256
Eif3j1,30,39,33,37,33,30,317,29,23,31,27,30
Dhx35,516,661,537,397,405,181,428,471,502,352,813,586
Ccdc3,124,87,120,81,161,105,295,89,126,95,212,127
Plxdc2,43435,42145,39284,26136,31820,16480,32215,23750,21641,19045,34682,43969
Slpi,1,68,23,28,0,4,1,51,86,33,142,20
Tas2r134,0,0,0,0,0,0,0,0,0,0,0,0
Mrc1,20,38,16,14,16,8,9,15,18,28,31,12
Chac1,5,5,5,0,3,0,0,8,28,10,28,7
Svs3b,0,0,0,0,0,0,0,0,0,0,0,0
4921508D12Rik,0,0,0,0,0,0,0,0,0,0,0,0
Olfr1208,0,0,0,0,0,0,0,0,0,0,0,0
Olfr1209,0,0,0,0,0,0,0,0,0,0,0,0
Ghrh,0,0,0,0,0,0,0,9,0,0,5,0
Nkx2-2os,0,0,0,0,0,0,0,0,0,0,0,0
Olfr1200,0,0,0,0,0,0,0,0,0,0,0,0
Olfr1201,0,0,0,0,0,0,0,0,0,0,0,0
Olfr1202,0,0,0,0,0,0,0,0,0,0,0,0
Olfr1204,0,0,0,0,0,0,0,0,0,0,0,0
Olfr1205,0,0,0,0,0,0,0,0,0,0,0,0
Olfr1206,0,0,0,0,0,0,0,0,0,0,0,0
Gm14124,0,0,0,0,0,0,0,4,0,0,0,0
Neurl2,49,53,46,46,46,11,44,55,79,64,103,48
Mir129b,0,0,0,0,0,0,0,0,0,0,0,0
Arfgef2,1555,1813,1612,1312,1242,729,1481,1436,1632,1223,2649,1803
4932418E24Rik,5,0,2,4,5,3,12,0,4,9,5,2
Slc52a3,27,28,31,35,36,0,40,33,31,39,44,38
Elf5,0,9,0,0,0,0,5,0,0,0,0,0
1700029I15Rik,8,19,10,19,5,7,11,16,0,6,11,22
Mir199b,1,0,1,0,0,0,2,0,0,0,0,1
Gid8,1502,1770,1485,1214,1359,603,1457,1543,1751,1226,2459,1608
Mapkap1,1569,1971,1644,1201,1436,671,1435,1641,1889,1186,2567,1899
Gatm,11,64,24,2,30,0,6,19,68,21,32,24
Polr1b,522,565,513,429,476,211,492,567,653,432,1004,557
Tgif2,294,277,254,187,253,97,262,434,552,299,617,253
Rmdn3,735,746,715,543,584,288,556,704,824,582,1195,811
Golga1,717,889,674,643,639,259,572,773,808,548,1369,765
Pcsk2,0,2,3,4,4,4,2,0,2,0,0,15
Trp53tg5,0,0,0,0,0,0,0,0,0,0,0,0
Creb3l1,5376,4469,3870,2887,4529,1802,4528,5706,6229,3345,10429,4367
Sptlc3,0,0,0,0,0,0,0,0,0,0,0,0
Adig,0,0,0,0,0,0,0,0,0,0,0,0
Snx21,818,827,705,787,697,396,697,585,571,361,889,916
Bub1,0,0,0,0,2,2,0,190,439,174,269,4
Serf2,6151,7467,6549,4940,5708,2742,5965,6826,8642,4765,9850,7042
Olfr50,0,0,0,0,0,0,0,0,0,0,0,0
Snhg7,37,36,44,32,34,11,27,39,56,44,119,55
Psma7,1478,1973,1627,1328,1445,655,1542,2061,2627,1833,3776,1826
Gdap1l1,2,0,5,0,4,0,0,0,0,3,3,0
Spata25,0,0,0,0,0,0,0,4,2,0,2,0
Cdc25b,444,422,350,480,347,186,505,491,840,661,942,352
Olfr1112,0,0,0,0,0,0,0,0,0,0,0,0
Pdk1,430,520,360,255,392,170,329,274,319,210,391,491
Zgpat,1188,1209,1072,977,895,420,891,882,1018,540,1511,1241
Fam227b,0,0,0,0,0,0,0,0,0,0,0,0
Nmi,446,626,477,366,391,212,448,595,729,566,1246,525
Chgb,3,3,4,6,2,3,0,0,4,0,6,6
Kcnj3,0,0,0,0,0,0,0,0,0,0,0,0
C1ql3,11,7,5,8,15,10,13,4,11,4,6,7
Zbp1,359,556,344,312,295,89,297,3326,4474,3047,7448,446
Zdhhc12,139,186,153,109,122,50,85,223,244,174,356,169
Meis2,1141,1308,1102,847,1008,484,1062,950,1038,737,1429,1337
Fam110a,1240,978,919,719,966,388,734,790,710,369,926,1073
A530006G24Rik,0,0,0,0,0,0,0,0,0,0,0,0
Ptgds,0,0,0,0,0,0,0,0,0,0,0,0
Grin1,11,2,2,5,4,0,4,2,3,2,0,0
4930533B01Rik,0,0,0,0,0,0,0,0,0,0,0,0
Gm13483,3,2,0,0,8,0,8,4,0,0,5,0
Rbm12,923,1001,860,664,875,382,897,884,1008,726,1441,820
Golga2,4335,4659,3833,3346,3654,1634,3527,3685,3852,2691,6438,4378
Rbm17,1233,1369,1206,926,1053,488,1106,1277,1573,914,2274,1372
Ubr3,2522,2776,2465,1815,2126,1157,2370,2181,2343,2029,3799,2735
Nfe2l2,3815,4360,3933,3018,3363,1742,3392,3775,4158,3161,5756,4302
Rbm18,995,1261,1077,819,987,443,967,953,1012,777,1372,1238
Tcp11l1,166,185,166,136,133,61,166,144,168,95,285,200
Stxbp1,1325,1389,1193,1065,1238,575,1319,1355,1539,1038,2306,1336
Ppp1r3d,263,255,182,158,171,85,155,186,243,101,329,278
Snapc4,906,1073,795,952,740,326,789,641,657,509,1459,890
Ankrd16,458,580,430,439,416,169,426,376,404,360,839,457
Spef1,389,438,347,347,399,167,327,269,314,168,420,406
Fam210b,4243,3761,3225,2082,2489,1360,2719,2735,2194,1390,3740,3691
Col9a3,46,42,59,57,35,23,47,36,45,48,135,46
Celf1,2214,1877,1565,1392,2122,993,1908,1643,2145,1215,2912,1785
Ccdc148,5,4,0,0,4,0,5,3,5,0,0,6
Tnks1bp1,7267,7493,6941,6124,5899,3101,6389,8478,9150,6549,15521,7475
8430437L04Rik,0,0,0,0,0,0,0,0,0,0,0,0
Slc25a25,4654,6096,4190,3008,4470,2338,4189,4091,2981,2734,6567,4261
Ywhab,8102,9456,7788,5484,6669,3423,7275,9271,9611,7176,14582,8740
Med19,497,598,483,328,401,163,405,558,606,379,851,484
Gm10857,0,0,0,0,0,0,0,0,0,0,0,0
Xirp2,0,0,0,0,0,0,0,0,0,0,0,0
Eya2,22,129,101,131,100,46,88,78,102,49,85,196
Arpc5l,619,806,626,558,716,313,636,709,823,543,1093,675
Mrpl41,305,315,288,241,258,123,273,319,367,228,557,269
Nebl,5415,4287,3920,2345,2685,1950,3412,3332,2764,2541,4703,4398
Mamdc4,198,195,137,154,151,48,156,88,117,67,271,146
Ckmt1,0,0,0,0,0,0,0,0,0,0,0,0
Soga1,12433,10973,9966,8337,9078,4772,10673,7219,6736,5203,12419,12423
Kif18a,36,75,43,29,30,7,33,68,111,54,101,47
Alx4,22,39,21,22,26,9,8,33,39,16,48,37
Nr5a1,0,0,0,0,0,0,0,0,0,0,0,0
Ralgapa2,385,402,345,297,340,149,356,317,321,251,625,477
Ovol2,0,0,0,0,0,0,0,0,0,0,0,0
Rcn1,10338,10346,8737,6603,9597,4167,9811,8100,9962,7002,12210,9899
Olfr1148,0,0,0,0,0,0,0,0,0,0,0,0
Npepl1,2089,2159,1744,1712,1786,796,1681,1585,1753,1225,2851,1903
Olfr1143,0,0,0,0,0,0,0,0,0,0,0,0
Olfr1141,0,0,0,0,0,0,0,0,0,0,0,0
Olfr1140,0,0,0,0,0,0,0,0,0,0,0,0
Prrx2,376,474,383,426,436,214,566,559,785,439,905,519
Syndig1,9,0,5,15,9,4,0,3,13,5,7,12
Dtwd1,172,238,153,158,156,71,134,205,244,149,313,194
Tmem127,4120,4260,4131,2931,3591,1726,3713,3843,4260,2812,5952,4486
Tlk1,1343,1383,1295,899,1242,571,1273,1061,1342,996,1880,1389
A930019D19Rik,0,0,0,0,0,0,0,0,0,0,0,0
Tmem74b,10,15,13,15,16,9,9,7,3,10,10,19
3300002I08Rik,19,21,26,14,6,14,8,24,38,20,39,31
Mir6340,2,1,1,0,1,0,0,0,0,0,0,0
Gm14288,45,6,5,6,5,6,19,5,4,28,98,7
Celf2,4263,5351,4435,3844,3933,2196,4296,4277,5024,3736,7256,5441
E030013I19Rik,382,462,314,175,303,173,274,176,145,135,197,376
Ube2e3,1887,1954,1592,1180,1670,809,1667,1871,1847,1336,2593,1866
Galnt5,5,14,8,5,4,6,12,5,15,8,6,14
Ppig,1512,1826,1476,1096,1190,609,1365,1338,1646,1096,2335,1522
Trp53inp2,4640,4793,4124,2774,3884,1646,3778,3627,4175,2671,5235,4214
Ptprtos,0,0,0,0,0,0,0,0,0,0,0,0
Nr6a1,85,104,85,82,83,26,114,78,77,68,195,104
Sla2,0,0,0,0,5,0,0,0,0,0,0,0
2500004C02Rik,63,88,51,33,58,26,57,49,62,50,90,57
1700037H04Rik,211,240,193,186,211,85,205,254,364,226,430,212
Olfm1,1679,1761,1625,1255,1404,627,1621,1238,1241,865,1731,1878
Tsc1,1641,1756,1472,1278,1331,626,1302,1149,1262,974,2107,1757
Zfp937,376,447,299,213,347,139,295,336,380,268,471,387
B3galt1,109,257,170,124,134,67,122,195,241,134,207,225
Zfp931,333,328,67,198,216,121,54,44,128,48,329,64
4921531C22Rik,81,119,84,53,82,28,77,54,72,44,69,93
Nop10,724,955,824,643,681,326,681,718,756,482,983,832
Il1a,4,4,3,0,0,3,0,3,0,0,3,3
Il1b,25,42,26,36,20,25,17,95,21,38,172,39
Snord110,1,1,0,1,0,0,1,1,0,0,2,2
Olfr987,0,0,0,0,0,0,0,0,0,0,0,0
Gm13944,0,0,0,0,0,0,0,0,0,0,0,0
Chd6,2700,3211,2497,2184,2073,1066,2498,2166,2146,1877,3843,2905
Mpped2,26,18,28,22,23,10,17,8,9,10,9,29
Spopl,307,359,308,195,215,124,293,269,351,256,494,299
9430008C03Rik,243,296,231,244,216,78,184,219,255,190,525,242
Cacfd1,976,1147,1055,791,907,442,953,872,1045,590,1607,1099
Cacnb2,1270,1387,1126,805,909,357,828,865,845,801,1527,1216
Gpcpd1,541,737,563,441,490,233,557,610,636,670,1034,583
1700025C18Rik,0,0,0,0,0,0,0,0,0,0,0,0
Olfr1219,0,0,0,0,0,0,0,0,0,0,0,0
Olfr1218,0,0,0,0,0,0,0,0,0,0,0,0
Dph6,432,516,388,284,390,176,412,499,437,371,670,411
Dph7,344,436,358,265,284,133,305,283,315,221,404,395
Olfr1213,0,0,0,0,0,0,0,0,0,0,0,0
Olfr1212,0,0,0,0,0,0,0,0,0,0,0,0
Olfr1211,0,0,0,0,0,0,0,0,0,0,0,0
Olfr1217,0,0,0,0,0,0,0,0,0,0,0,0
Olfr1216,0,0,0,0,0,0,0,0,0,0,0,0
Olfr1215,0,0,0,0,0,0,0,0,0,0,0,0
Olfr1214,0,0,0,0,0,0,0,0,0,0,0,0
Gm14137,0,0,0,0,0,0,0,0,2,1,0,0
Helz2,3203,4225,3364,3126,2944,1519,3355,5213,5810,4047,11767,3523
A930018P22Rik,0,3,0,0,0,2,0,0,0,0,0,2
Gm14139,0,0,0,0,0,0,0,0,0,0,0,0
Mertk,1701,1551,1324,1013,1076,689,1108,883,675,840,1470,1447
Olfr1020,0,0,0,0,0,0,0,0,0,0,0,0
Edn3,472,490,348,230,402,214,385,157,104,95,141,406
Pacsin3,691,661,589,495,571,297,581,564,564,330,880,622
Dnajc5,3090,3337,2958,2398,2614,1287,2730,2995,3235,2374,5144,3105
Zfp804a,0,2,0,0,0,0,0,0,0,0,0,0
Kcnk15,0,0,0,0,0,0,0,0,0,0,2,0
Dnajc1,2543,2819,2593,1708,2077,1024,2255,2283,2400,1762,3893,2835
Mir3960,14,9,5,11,5,1,13,5,2,3,11,17
Cerkl,2,12,20,8,5,0,7,9,7,5,5,23
9230102O04Rik,0,0,0,0,0,0,0,0,0,0,0,0
Neb,44,35,41,54,44,6,111,42,30,33,147,50
Olfr1029,0,1,0,1,1,0,0,0,0,0,0,0
Olfr48,0,0,0,0,0,0,0,0,0,0,0,0
Psmb7,1509,2047,1646,1198,1358,709,1511,2045,2485,1683,3313,1764
Lhx2,0,0,0,0,0,0,0,0,2,0,0,0
Lhx3,0,0,0,0,0,0,0,0,0,0,0,4
Lhx6,0,0,3,0,3,0,0,6,6,0,9,0
Cd59a,1267,1436,1111,721,1209,474,1153,828,938,811,1529,1156
Cd59b,44,104,57,36,44,48,87,43,75,61,108,51
Edem2,856,1033,888,832,759,393,677,937,1087,689,1801,1040
Pcif1,1653,2003,1546,1428,1345,630,1258,1298,1328,1030,2072,1876
Trib3,71,75,94,104,72,38,65,68,65,63,171,114
Slmo2,587,677,600,448,556,222,593,804,957,581,1303,599
Gm13769,0,0,0,0,0,0,0,0,0,0,0,0
Kynu,0,0,0,0,0,0,0,0,0,0,0,0
Ntmt1,477,569,429,402,403,215,423,582,615,357,865,569
Mrps26,680,719,666,567,577,280,566,647,695,440,975,727
Il1f6,0,0,0,0,0,0,0,0,0,0,0,0
Dtd1,535,695,550,377,515,232,490,437,460,326,701,641
Stk4,1081,1120,1004,827,941,441,887,1021,1242,833,1753,1164
Gm13546,0,0,0,0,0,0,0,0,0,0,0,0
Snora65,38,31,43,37,49,11,37,32,60,30,89,26
Sema6d,499,649,641,549,545,336,596,446,557,370,616,682
Nat10,896,1065,859,823,798,343,797,824,1082,737,1657,974
1700019E08Rik,0,0,0,0,0,0,0,0,0,0,0,0
Hnf4aos,0,0,0,0,0,0,0,0,0,0,0,0
Gm13490,0,0,0,0,0,0,0,0,0,0,0,0
Wfdc8,3,3,5,3,0,0,0,0,0,2,7,5
Gm13497,0,0,0,0,0,0,0,0,0,0,0,0
Gm13498,1056,1428,1377,834,1041,436,1027,1424,1868,867,2253,1253
Wfdc3,0,0,0,0,0,0,0,0,0,0,0,0
Wfdc2,18,94,38,12,27,50,44,26,58,13,63,50
Wfdc5,0,0,0,0,0,0,0,0,0,0,0,0
1700026L06Rik,0,0,0,0,0,0,0,0,0,0,0,0
Dlx1as,0,0,0,0,0,0,0,0,0,0,0,0
4933416E03Rik,0,0,0,0,0,0,0,0,0,0,0,0
Ndufa8,881,1060,860,724,811,388,814,1063,1238,855,1636,1048
Ppp4r1l-ps,278,334,272,318,252,104,298,207,193,217,443,289
Rae1,962,1080,894,737,829,400,813,877,962,658,1482,1032
Ada,75,88,71,68,45,33,56,184,237,194,338,98
Ankrd63,6,6,2,3,3,5,2,4,2,2,2,8
Ankrd60,0,0,0,0,0,0,0,0,0,0,0,0
Gm4724,0,1,0,0,0,0,0,0,1,0,2,0
Zfp334,583,641,559,454,460,190,462,445,632,326,811,592
Ccdc73,0,0,0,0,0,0,0,0,0,0,0,0
Ssna1,523,644,547,479,528,195,544,581,755,428,872,621
Slc32a1,0,0,0,0,0,0,0,0,0,0,0,0
Rabepk,308,380,358,256,306,143,279,360,491,277,604,415
Ntsr1,0,0,0,0,0,0,0,0,0,0,0,0
Adam33,259,431,309,615,465,195,419,169,235,171,358,479
Tspan18,889,1217,1046,1015,956,568,1039,691,724,549,1002,1250
Nfatc2,99,87,55,75,84,41,81,67,50,47,98,85
Chmp4b,4403,4947,4117,3296,3867,1814,4143,4547,5147,3836,7765,4725
Tfpi,2649,3318,2333,1256,2285,1063,2300,2194,2627,1332,3594,2489
Tbc1d13,1434,1577,1406,1154,1409,647,1333,1580,1710,1069,2364,1579
1700020A23Rik,0,0,0,0,0,0,0,0,0,0,0,0
Fam102a,1407,1537,1412,1112,1342,630,1323,1429,1649,1261,2372,1495
Nusap1,40,45,39,27,41,12,46,142,353,180,225,46
Barhl1,0,0,0,0,0,0,0,2,0,0,0,0
Avp,0,0,0,0,0,0,0,0,0,0,0,0
Gpr107,2306,2543,2297,1681,2033,983,2068,2283,2715,1778,3706,2593
Thbd,32445,28139,26933,21191,26108,14377,25356,16723,13185,9908,21682,34263
Odf2,1381,1666,1332,1292,1267,639,1404,1393,1551,1125,2615,1526
Olfr1170,0,0,0,0,0,0,0,0,0,0,0,0
Srsf6,4724,5445,4172,4254,4418,1850,4328,4281,4788,3238,7444,4501
Olfr1176,0,0,0,0,0,0,0,0,0,0,0,0
Rps21,6270,8759,7450,5994,6264,3189,6247,7012,8148,5024,9933,7539
Olfr1178,0,0,0,0,0,0,0,0,0,0,0,0
Olfr1179,0,0,0,0,0,0,0,0,0,0,0,0
Dhtkd1,191,277,167,171,156,85,118,114,89,121,189,204
Gm10714,0,0,0,0,0,0,0,0,0,0,0,0
Rapsn,20,47,28,32,15,7,13,32,42,27,58,42
Mocs3,157,119,103,117,119,62,106,107,141,85,225,152
Ndufs3,1224,1703,1377,1007,1095,503,1109,1382,1527,1019,2151,1474
Ndufaf1,298,378,270,200,273,100,226,257,331,214,412,294
Olfr1145,0,0,0,0,0,0,0,0,0,0,0,0
Fmnl2,1311,1587,1427,1139,1320,751,1507,1205,1424,1210,1914,1617
Trp53i11,300,376,319,254,221,110,200,428,537,287,749,342
Olfr1273-ps,0,0,0,0,0,0,0,0,0,0,0,0
Sh3glb2,1113,1257,1038,939,1020,462,962,908,1031,603,1292,1129
Prkcq,0,3,12,9,0,0,0,9,3,0,29,5
Crnkl1,872,920,822,587,696,364,758,892,1004,652,1307,948
4930402F06Rik,0,0,0,0,0,0,0,0,0,0,0,0
Fnbp1,2383,2804,2707,2275,1923,1044,2370,1828,2134,1430,3243,3076
Fnbp4,1587,1864,1520,1547,1376,625,1470,1418,1541,1195,3093,1651
Ppapdc3,328,314,269,250,287,119,263,235,238,183,387,302
Lsm14b,1084,1046,970,803,861,473,978,974,1259,778,1674,1076
Chrm5,1,3,4,7,1,0,4,0,0,1,2,2
Chrm4,0,9,9,10,3,3,8,7,4,2,8,7
Lrrc26,0,2,0,0,2,0,0,7,0,0,0,0
Arfgap2,2443,2811,2312,1990,2025,1045,2204,2183,2378,1617,3729,2716
Arfgap1,2362,2494,1880,1775,1891,818,1987,2312,2791,1707,4170,2193
Mvb12b,1505,1499,1340,981,1278,593,1363,1239,1336,955,1922,1592
Rbbp9,1375,1720,1452,945,1181,597,1153,1138,1150,875,1613,1520
Gm14436,0,0,0,0,0,0,0,0,0,0,0,0
Gm14434,0,301,0,0,677,0,0,0,397,0,1055,0
Gm14431,363,629,356,244,820,33,0,0,427,0,75,340
Gm14430,0,1,0,0,0,0,0,0,1,0,2,0
1700021F07Rik,0,0,0,0,0,0,0,0,0,0,0,0
Olfr1198,0,0,0,0,0,0,0,0,0,0,0,0
Olfr1199,0,0,0,0,0,0,0,0,0,0,0,0
Snta1,1249,1373,1071,897,1031,523,1145,1129,1199,1118,2006,1146
Hnrnpa3,6939,11017,8069,5371,6721,3382,8263,11225,12824,9909,20269,7182
Nrsn2,0,0,0,0,0,0,0,0,0,0,0,0
Olfr1193,0,0,0,0,0,0,0,0,0,0,0,0
Cstad,44,67,18,23,32,10,27,32,35,26,44,36
Olfr1195,0,0,0,0,0,0,0,0,0,0,0,0
Olfr1196,0,0,0,0,0,0,0,0,0,0,0,0
Rin2,6868,6551,6289,4404,4365,2891,4743,4023,4639,2844,5942,7276
F830045P16Rik,0,0,0,0,0,0,0,0,0,0,0,0
Fam73b,1924,1850,1644,1328,1416,804,1366,1199,1211,701,1978,1841
Suv39h2,52,72,45,37,52,26,54,84,119,59,128,54
2810405F15Rik,0,0,0,1,1,0,0,0,0,0,0,0
Snx5,1317,2047,1664,1352,1578,690,1514,1710,2140,1261,2587,2132
4933406D12Rik,0,0,0,0,0,0,0,0,0,0,0,0
Gm8898,758,900,761,371,916,888,0,0,1085,0,1539,920
Dzank1,203,286,236,156,173,85,169,132,113,65,167,294
Romo1,766,1003,785,684,744,323,744,861,889,599,1195,836
Olfr1228,0,0,0,0,0,0,0,0,0,0,0,0
Olfr1229,0,0,0,0,0,0,0,0,0,0,0,0
Olfr1226,0,0,0,0,0,0,0,0,0,0,0,0
Olfr1225,0,0,0,0,0,0,0,0,0,0,0,0
Olfr1222,0,0,0,0,0,0,0,0,0,0,0,0
Olfr1223,0,0,0,0,0,0,0,0,0,0,0,0
Olfr1220,0,0,0,0,0,0,0,0,0,0,0,0
Dapl1,0,0,0,0,0,0,0,0,0,0,0,0
Stk35,839,1046,896,811,863,405,844,1062,1222,1007,1764,1044
Ddb2,384,524,395,441,357,155,344,323,278,244,550,444
Stk39,344,511,430,341,381,208,408,405,514,406,657,448
Ccdc183,0,0,0,0,0,0,0,0,0,0,0,0
Tyro3,459,453,478,387,510,216,554,579,752,409,840,462
Zfp385b,40,34,47,21,46,14,52,29,30,31,65,38
Ptrh1,90,118,113,82,109,44,107,172,241,140,298,111
Mkks,540,633,508,411,502,266,525,493,645,352,718,648
Gad1,0,0,2,0,0,0,0,0,2,0,0,0
Gad2,1,1,7,1,0,0,0,41,67,7,6,2
Rbbp8nl,0,0,0,0,0,0,0,0,0,0,0,0
Bcl2l1,1893,1917,1578,1281,1686,783,1592,1447,1538,1144,2295,1844
Ptpla,102,125,76,111,133,45,160,191,188,159,315,91
Spc25,8,6,6,9,17,3,12,144,334,119,150,5
Wdr76,81,140,92,56,82,49,91,162,195,124,224,109
Fam65c,254,289,224,246,283,103,258,188,223,150,350,251
Gm13629,0,0,0,0,0,0,0,0,0,0,0,0
Prrc2b,16121,16881,14564,12081,13340,6675,13781,13164,14567,10502,24645,17811
Cdh22,361,404,395,283,326,132,404,230,291,126,212,369
Camsap1,1350,1430,1329,1070,1304,604,1381,1229,1456,942,2112,1422
Cdh26,0,0,0,0,0,0,0,0,0,0,0,0
Olfr32,0,0,0,0,0,0,0,0,0,0,0,0
Psmc3,2804,3444,2902,2293,2494,1240,2594,3697,4469,2902,6370,3039
Dolk,587,666,604,463,527,219,526,580,687,410,908,667
Ldlrad3,1054,1138,974,640,824,406,842,881,1065,722,1205,1089
4931423N10Rik,0,0,0,0,0,0,0,0,0,0,0,0
Gm13710,0,0,0,0,0,0,0,3,3,0,2,0
Zcchc3,242,243,212,179,189,87,189,222,258,166,410,231
Nkain4,320,312,215,179,362,172,365,203,242,193,357,299
Epb4.2,0,0,0,0,0,0,0,0,0,0,0,0
Gm13539,0,0,0,0,0,0,0,0,0,0,0,0
Prpf40a,1452,1611,1367,957,994,625,1293,1514,1767,1308,2568,1459
Gchfr,3,0,0,0,3,0,0,0,0,0,4,0
5430405H02Rik,134,166,124,128,105,49,111,107,97,72,184,142
Mir195b,0,0,0,0,0,0,0,0,0,0,0,0
Plcg1,2382,2531,2241,1853,1839,965,2096,1903,2073,1518,3203,2562
Dido1,1889,2497,1948,1580,1562,770,1710,2027,2194,1556,3535,2216
Phyh,1002,1355,1172,812,963,424,1004,1019,1058,848,1790,1253
Gins1,40,75,49,26,36,13,34,103,167,100,136,46
4930470P17Rik,0,0,0,0,0,0,0,0,0,0,0,0
Ggta1,164,228,182,157,200,121,169,220,358,161,324,228
Stam2,1162,1292,1114,770,932,533,1028,1394,1556,1180,2097,1234
Gm13446,0,0,0,0,0,0,0,0,0,0,0,0
Lrp1b,0,0,0,0,0,0,0,0,0,0,0,0
Ggt7,81,223,178,112,95,38,89,183,198,132,341,146
Mdk,1827,2136,1625,1099,1733,642,1548,1394,2014,1096,1966,1562
Fbxo18,2308,2782,2345,1932,2158,1074,2298,2281,2593,1665,3440,2633
BC005624,1290,1662,1427,1089,1125,555,1137,1097,1281,803,1742,1579
Ddrgk1,2378,2819,2341,2104,2132,923,1974,1600,1614,1197,2841,2729
Spata2,630,761,731,615,638,319,603,637,807,572,1160,811
Mir1954,0,0,0,0,0,0,0,0,0,0,0,0
Mir1955,0,0,0,0,0,1,1,0,0,1,0,0
Mir1952,0,0,0,0,0,0,0,0,0,0,0,0
Mir1953,1,0,0,0,0,0,1,0,0,0,0,0
Mir1951,0,0,0,0,0,0,0,0,0,0,0,0
Ak8,5,2,3,0,1,0,3,2,2,1,7,3
Galk2,406,562,552,364,486,222,506,568,782,427,899,570
Ambra1,1570,1808,1615,1396,1372,665,1352,1316,1402,1103,2298,1894
Insm1,0,0,0,0,0,0,0,0,1,1,0,1
A530058N18Rik,0,0,0,0,0,0,0,0,0,0,0,0
Lzts3,886,872,801,658,724,393,687,534,589,377,945,934
Ddx27,893,959,894,726,801,366,821,918,1101,710,1608,956
C130021I20Rik,0,0,0,6,0,0,0,0,0,0,4,0
Mrps5,626,813,652,493,543,266,538,643,808,515,1141,716
Mrps2,454,485,407,334,407,170,387,584,633,401,856,464
LOC171588,0,2,2,0,0,0,0,2,0,2,3,0
Dennd1a,1095,1308,1101,1029,996,452,1091,1005,1067,824,1922,1346
Mir7665,0,1,0,1,0,0,0,0,0,0,0,0
Olfr1164,0,0,0,0,0,0,0,0,0,0,0,0
Olfr1167,0,0,0,0,0,0,0,0,0,0,0,0
Olfr1166,0,0,0,0,0,0,0,0,0,0,0,0
Olfr1161,0,0,0,0,0,0,0,0,0,0,0,0
Olfr1160,0,0,0,0,0,0,0,0,0,0,0,0
Olfr1163,0,0,0,0,0,0,0,0,0,0,0,0
Olfr1162,0,0,0,0,0,0,0,0,0,0,0,0
Cercam,2080,2016,1850,1674,2113,967,2051,1857,2330,1536,2480,1987
Mir7655,1,1,3,1,0,1,1,1,1,0,1,3
Slc12a5,0,6,3,10,4,0,0,0,9,3,8,6
Slc12a6,2281,2089,2231,1891,2053,1020,1908,1653,1669,1312,2517,2734
Slc12a1,0,0,0,0,0,0,0,0,0,2,0,0
Cwc22,684,875,724,539,557,284,641,669,727,538,1147,824
a,0,0,0,0,0,0,0,0,0,0,0,0
Scn7a,13401,15415,13367,9912,11286,6713,12386,9595,7713,7853,15793,15849
Apbb1ip,557,872,819,865,702,362,741,957,1422,897,1527,1005
Birc7,0,0,0,0,0,0,0,0,0,0,0,0
Mylk2,0,3,3,5,0,0,0,0,7,3,7,0
Cry2,1734,2305,1650,1556,1423,897,1120,998,866,1119,1798,2229
Mir6419,0,0,0,0,0,0,0,0,0,0,0,0
Trim44,3777,4167,3522,2689,3485,1655,3521,3353,3664,2732,5714,3750
Snai1,3086,2726,2703,2082,2131,937,2043,3484,3438,2363,6423,2885
4921507L20Rik,0,3,0,0,5,0,2,0,0,2,9,0
Vstm2l,0,0,0,0,0,0,0,0,0,0,0,0
Ccndbp1,958,1085,885,711,800,389,699,761,865,625,1231,1039
Uckl1os,0,4,0,0,0,0,0,0,2,2,0,2
Olfr1506,0,0,0,0,0,0,0,0,0,0,0,0
Nanp,103,163,120,106,128,61,96,138,198,123,187,156
Otor,0,0,0,0,0,0,0,0,0,0,0,3
Bend7,26,23,41,20,20,16,40,26,18,19,40,28
Surf2,330,452,381,377,366,142,354,386,381,270,619,443
Slc2a4rg-ps,279,311,267,297,263,103,207,171,169,120,375,275
Zfp217,1137,1386,1096,1038,953,458,922,1102,1301,867,1910,1335
Sun5,0,0,0,0,0,0,0,0,0,0,0,0
Mir297b,0,0,0,0,0,0,0,0,0,0,0,0
Zc3h15,1183,1400,1232,960,1162,502,1172,1591,1659,1045,2221,1177
Lrrc57,603,758,649,514,561,270,582,520,560,484,738,733
Lrrc55,19,45,31,21,28,8,19,25,40,19,34,37
Atf2,1470,1881,1465,1117,1094,683,1329,1316,1325,1190,1934,1765
Abtb2,1020,1080,1020,819,749,486,847,858,822,507,1311,1136
Nr4a2,7912,10034,5032,4486,6631,3210,7915,5904,4498,5146,8644,5272
Gm14420,3842,5837,3616,2992,3351,1399,2671,2267,1820,2237,5310,4065
Gm14393,0,0,0,0,0,0,12,0,0,9,32,31
Gm14391,462,0,0,0,360,0,442,0,500,0,0,748
Olfr1038-ps,0,0,0,0,0,0,0,0,0,0,0,0
Olfr339,0,0,0,0,0,0,0,0,0,0,0,0
Il15ra,189,306,196,251,183,66,180,263,388,287,611,298
Lbp,1282,1986,1544,1517,1438,739,1611,1775,1801,1768,3372,1763
Olfr1189,0,0,0,0,0,0,0,0,0,0,0,0
Olfr1188,0,0,0,0,0,0,0,0,0,0,0,0
Inpp5e,1138,1349,1095,883,1005,426,761,877,982,681,1490,1215
Olfr1183,0,0,0,0,0,0,0,0,0,0,0,0
Olfr1182,0,0,0,0,0,0,0,0,0,0,0,0
Olfr1181,0,0,0,0,0,0,0,0,0,0,0,0
Olfr1180,0,0,0,0,0,0,0,0,0,0,0,0
Olfr1186,0,0,0,0,0,0,0,0,0,0,0,0
Olfr1184,0,0,0,0,0,0,0,0,0,0,0,0
Plagl2,585,674,532,476,493,248,493,554,581,354,876,660
Eng,3784,4270,4079,3471,3548,1626,3272,3978,3894,2802,6662,4505
Obp2b,0,0,0,0,0,0,0,0,0,0,0,0
Obp2a,0,0,0,0,0,0,0,0,0,0,0,0
Rc3h2,964,1264,934,833,1278,532,1148,974,1102,914,1642,1094
Timm10,137,150,153,132,116,52,114,203,240,153,339,157
Plekha3,854,1006,846,619,770,384,776,796,922,621,1317,894
Olfr1231,0,0,0,0,0,0,0,0,0,0,0,0
Olfr1230,0,0,0,0,0,0,0,0,0,0,0,0
Olfr1233,0,0,0,0,0,0,0,0,0,0,0,0
Olfr1232,0,0,0,0,0,0,0,0,0,0,0,0
Olfr1234,0,0,0,0,0,0,0,0,0,0,0,0
Olfr1239,0,0,0,0,0,0,0,0,0,0,0,0
Olfr1238,0,0,0,0,0,0,0,0,0,0,0,0
Mbd5,820,910,773,659,642,384,792,746,815,584,1347,981
Aurka,53,79,64,40,40,15,56,240,464,287,352,56
Usp6nl,1511,1444,1280,820,920,554,1051,1387,1389,943,2143,1417
Prpf6,2112,2350,2172,1607,1594,835,1831,1863,2015,1343,3067,2199
Shc4,89,143,129,70,66,31,90,167,267,118,254,89
Phpt1,808,1039,812,626,760,364,728,829,974,577,1295,823
Trmt6,325,449,347,291,315,122,337,495,524,429,869,396
Cstl1,0,0,0,0,0,0,0,0,0,0,0,0
Pkp4,1094,985,839,546,802,432,923,615,828,493,1011,878
Snap25,0,0,0,0,0,0,0,0,0,0,0,0
Ninl,637,869,699,643,634,278,606,679,778,471,1255,789
Mir5129,1,1,1,1,1,1,1,1,1,1,1,1
Sox18,91,48,37,28,27,36,18,69,44,9,67,93
Wt1,8,168,36,89,156,22,49,47,166,31,49,194
Traf6,942,1147,1007,715,801,420,886,862,766,630,1272,1114
Fitm2,538,441,426,303,313,204,388,346,374,272,553,577
Sox12,201,157,139,147,178,60,151,410,590,334,689,189
Phf21a,1665,1734,1661,1281,1031,818,1508,1291,1488,1125,2471,1853
Slc34a3,0,0,0,0,0,0,0,0,0,0,0,0
Rgs19,325,362,332,259,290,132,332,460,616,302,707,346
Fermt1,0,0,0,0,0,0,0,0,0,0,0,0
Olfr1284,0,0,0,0,0,0,0,0,0,0,0,0
Abhd16b,0,0,0,0,0,0,2,0,0,0,0,0
Mcm10,0,7,2,0,7,0,3,139,277,129,180,3
Ergic3,4278,5170,4794,3594,4189,1951,4209,4393,4923,3125,6443,5117
Gfra4,20,49,36,5,32,20,18,24,34,13,37,60
8030411F24Rik,0,0,0,0,0,0,0,0,0,0,0,0
4930515L03Rik,0,0,0,0,0,0,0,0,0,0,0,0
Lrp2,3,25,2,7,2,0,2,7,44,2,27,5
Traf1,63,99,50,57,70,14,51,131,297,98,252,74
Traf2,799,1022,910,693,753,339,683,864,922,614,1579,970
Clic3,5,31,10,0,4,4,6,9,17,3,10,11
Lrp4,22658,21700,18124,14016,16123,7941,17676,14546,10244,12521,28800,21529
Btbd18,0,0,0,0,0,0,0,0,0,0,0,0
Zscan29,935,1000,896,623,754,376,740,677,712,540,1124,949
Snora43,0,3,3,4,1,0,1,3,0,2,3,1
Acp2,3313,3793,3271,2090,2596,1259,2803,3010,3207,2291,4635,3718
1700010B08Rik,0,0,0,0,0,0,0,0,0,0,0,0
Chrna4,2,4,0,3,4,0,0,7,7,7,0,4
Mir3098,0,0,0,0,0,0,0,0,0,0,0,0
Chrna1,0,6,0,0,0,0,4,4,0,9,13,0
Acoxl,9,6,0,0,2,2,12,0,5,0,6,0
Mir3091,4,4,3,5,3,3,2,5,12,5,7,3
Zfyve19,454,465,411,340,371,175,340,359,434,286,627,462
Matn4,852,681,779,617,538,341,512,584,450,246,620,781
Klhl23,269,248,194,128,226,87,207,245,320,196,355,195
Tmco5,0,0,0,0,0,0,0,0,0,0,0,0
Enkur,12,24,6,10,6,3,17,15,7,6,24,25
Ube2v1,2784,3047,2622,2143,2605,1209,2551,3480,4082,2584,5394,2987
Tfap2c,0,0,0,0,0,0,0,0,0,0,0,0
Mir684-1,60,95,46,48,146,26,55,68,95,77,111,76
Olfr1042,0,0,0,0,0,0,0,0,0,0,0,0
Spred1,2382,2533,2153,1602,2246,1136,2046,2745,3218,2030,4198,2485
BC029214,509,570,437,468,464,187,373,342,348,293,544,486
Rag2,0,0,0,0,0,0,0,0,0,0,0,0
Rag1,0,0,0,0,0,0,0,0,0,0,0,0
Upf2,1118,1271,1071,862,1008,511,1131,1031,1162,783,1778,1283
Actr5,331,353,284,283,232,107,252,189,244,169,515,346
Btbd3,3022,2985,1678,1784,2281,1244,2171,1926,1092,1573,2856,3027
Adamtsl2,24830,14972,14339,11040,17552,9007,19309,16139,10994,15591,28553,14395
Kiz,673,824,662,526,601,297,590,610,615,413,826,751
Galnt13,0,0,0,0,0,0,0,0,0,0,0,0
Frzb,13,45,71,49,13,12,44,56,112,34,40,59
Mtg2,451,530,439,363,358,160,341,376,387,238,534,473
Mllt10,1393,1440,1316,1052,1100,588,1232,1190,1137,903,2004,1463
AU019990,0,0,0,0,0,0,0,0,0,0,0,0
Kin,294,419,290,283,324,104,279,270,289,195,469,295
Mir695,0,0,0,0,0,0,0,0,0,0,0,0
Mir126,0,0,0,0,0,0,0,1,0,0,1,0
Kif16b,877,1021,866,565,677,368,813,722,873,608,1078,981
Phgr1,0,0,0,0,0,0,0,0,0,0,0,0
Ptgis,11434,13078,11064,8797,9209,4618,9230,9801,7982,9395,17567,11952
AI646519,0,0,4,0,0,0,2,0,0,0,0,0
Fibin,1266,1289,1370,1141,1170,758,1145,1313,1172,1026,2028,1690
Ddx31,258,294,297,222,284,111,312,340,331,216,523,269
Catsper2,30,40,38,36,31,18,23,23,42,27,63,28
Olfr259,0,0,0,0,0,0,0,0,0,0,0,0
6530402F18Rik,481,508,489,391,314,184,350,411,467,246,638,532
Pnpla7,572,634,602,564,507,238,383,494,525,483,848,736
Lcn10,0,0,0,0,0,0,0,0,0,0,0,0
Lcn12,0,0,0,0,0,0,0,0,0,0,0,0
Bambi-ps1,37,51,22,25,34,17,21,27,22,14,45,34
Slc39a12,0,0,0,0,0,0,0,0,0,0,0,0
Slc39a13,2291,2148,2052,1656,2204,910,1972,2170,2631,1466,3588,2245
Nsun6,185,263,174,155,128,73,177,201,181,136,340,196
Nacc2,1541,1449,1384,1014,1359,683,1612,1389,1590,1033,2457,1636
Adrm1,1828,1946,1640,1534,1611,690,1530,2031,2191,1548,3472,1798
Lrrc4c,14,22,11,17,13,7,4,33,53,38,43,12
Hoxd8,2,15,5,14,24,0,7,5,10,3,0,15
Hoxd9,0,4,0,0,0,0,0,0,0,0,0,0
Hoxd4,0,6,0,5,2,0,3,1,4,0,0,6
Eef1a2,6,11,18,29,3,0,7,6,8,0,0,21
Zfp120,284,337,253,197,267,126,207,293,275,204,391,282
Hoxd3,41,38,36,35,31,8,28,31,36,23,62,47
Il1f9,0,0,0,5,3,0,0,0,5,4,13,0
Il1f8,0,0,0,0,0,0,0,0,0,0,0,0
Rabl6,2207,2465,2140,1851,1920,868,1929,2033,2398,1489,3488,2303
Slc30a4,1207,1342,1174,873,1092,601,1195,1301,1476,963,1891,1397
Mybl2,22,15,22,33,28,16,16,165,395,136,244,31
Ckap2l,20,26,9,13,37,7,24,359,761,362,526,19
Il1f5,0,0,0,0,0,0,0,0,0,0,0,0
Pank2,1159,1345,1088,1094,1191,576,1258,1133,1226,793,1842,1280
Bpi,0,0,0,0,0,0,0,0,0,0,0,0
Ucma,0,0,0,0,0,0,0,0,0,0,0,0
Frmd4a,1506,1517,1149,952,1161,501,1187,1448,1723,1205,2142,1326
Olfr347,0,0,0,0,0,0,0,0,0,0,0,0
Gm5424,102,180,194,116,122,61,0,206,341,104,256,141
Crls1,360,427,288,281,389,190,400,406,448,321,582,376
Cables2,1014,974,1017,792,909,344,941,911,946,621,1540,1010
Pcna,1473,2113,1634,1182,1334,702,1504,2313,3274,1783,3291,1681
Fbn1,55742,55749,49952,45855,58034,26572,71899,76688,92911,68310,136388,60690
Mcts2,125,166,103,108,109,43,117,143,126,115,265,118
Nup188,1580,1663,1507,1139,1384,649,1429,1893,2467,1403,3393,1590
Prokr2,0,0,0,0,0,0,0,0,0,0,0,0
Mir467a-8,0,0,0,0,0,0,0,0,0,0,0,0
Mir467a-9,0,0,0,0,0,0,0,0,0,0,0,0
Lpin3,1055,1049,843,879,768,389,742,681,675,601,1130,1005
Mir467a-1,0,0,0,0,0,0,0,0,0,0,0,0
Mir467a-2,0,0,0,0,0,0,0,0,0,0,0,0
Mir467a-4,0,0,0,0,0,0,0,0,0,0,0,0
Mir467a-5,0,0,0,0,0,0,0,0,0,0,0,0
Mir467a-7,0,0,0,0,0,0,0,0,0,0,0,0
A930006I01Rik,0,2,0,0,3,0,0,0,0,0,0,0
Cse1l,1377,1488,1188,919,1372,638,1385,1809,2266,1298,2446,1458
Zmynd19,295,362,271,231,313,142,309,352,464,255,584,307
Tpx2,49,55,53,20,58,12,64,653,1456,642,995,42
Bub1b,105,131,64,88,83,38,89,545,1158,465,749,148
Sdcbp2,0,6,15,0,12,0,3,8,7,12,22,13
1700017J07Rik,0,0,0,0,0,0,0,0,0,0,0,0
Gm14092,0,0,0,0,0,0,0,0,0,0,0,0
Hspa12b,696,725,596,661,769,329,670,452,490,369,698,727
Ppp1r26,209,183,204,130,163,69,140,182,209,118,304,202
Olfr1120,0,0,0,0,0,0,0,0,0,0,0,0
Slc43a3,29453,33890,25262,19907,23298,13443,23593,19263,14449,16860,31730,30227
Olfr1123,0,0,0,0,0,0,0,0,0,0,0,0
Slc43a1,538,713,615,652,589,290,520,528,609,453,829,764
Olfr1089,0,0,0,0,0,0,0,0,0,0,0,0
Cpxm1,14797,20863,16038,11179,16152,5977,12697,17064,19697,11804,23095,17170
Myl9,1560,1661,1359,1089,1810,621,1741,1289,1911,1207,2038,1206
Olfr1245,0,0,0,0,0,0,0,0,0,0,0,0
Olfr1246,0,0,0,0,0,0,0,0,0,0,0,0
Olfr1247,0,0,0,0,0,0,0,0,0,0,0,0
Olfr1240,0,0,0,0,0,0,0,0,0,0,0,0
Olfr1241,0,0,0,0,0,0,0,0,0,0,0,0
6430710C18Rik,0,0,0,0,0,0,0,0,0,0,0,0
Olfr1243,0,0,0,0,0,0,0,0,0,0,0,0
Gorasp2,4286,4748,4073,3075,3660,1653,3876,4904,5454,3724,7907,4438
Olfr1248,0,0,0,0,0,0,0,0,0,0,0,0
Olfr1249,0,0,0,0,0,0,0,0,0,0,0,0
Abca2,2420,2931,2468,2110,2227,1073,2195,1258,1403,916,1994,2816
Olfr52,0,0,0,0,0,0,0,0,0,0,0,0
Dnajc24,249,252,209,198,216,95,197,265,259,182,373,273
Hnf4a,0,0,0,0,0,0,0,0,0,0,0,0
Csrp2bp,885,842,826,690,783,380,769,867,1058,670,1414,881
Cdan1,615,682,577,543,579,261,631,690,721,488,1062,702
Hspa5,31163,38190,35812,22416,26679,12401,25595,39303,41811,19692,62694,31263
Abcb11,0,0,0,0,0,0,0,5,0,0,8,0
Fam83c,0,0,0,0,0,0,0,0,0,0,0,0
Pigu,617,762,624,416,640,264,586,675,807,498,1038,732
Tnnc2,0,0,0,0,0,0,0,0,0,0,0,0
Caprin1,4709,5067,4617,3486,4379,2147,4572,7121,8974,4992,10371,4945
H2afb1,1,0,0,0,0,0,1,2,0,0,0,0
Acss2,990,1274,1060,750,781,411,751,738,731,523,1054,1145
Acss1,131,190,107,95,88,51,109,116,108,52,134,100
B230118H07Rik,293,452,368,208,361,120,298,350,394,212,437,400
Ciao1,1110,1296,1166,941,951,484,932,1046,1199,825,1491,1348
Nespas,0,0,0,0,0,0,0,0,13,3,4,0
Arhgap15,120,155,140,82,103,52,96,77,72,64,146,148
Tpd52l2,2425,3102,2739,1987,2252,1051,2251,2186,2281,1575,3291,3015
Tox2,3,4,9,0,11,0,7,5,4,10,11,8
Scrn3,384,510,369,294,327,177,299,331,366,236,438,391
Ptpn1,2284,2294,2078,1743,1927,872,1926,2472,2813,1689,4422,2261
Rab14,3508,4108,3267,2447,3661,1620,3246,3793,4094,2795,5295,3718
Mir3087,0,0,0,0,0,0,1,0,0,0,0,0
Accsl,0,0,0,0,0,0,0,0,0,0,0,0
Orc4,580,694,491,409,631,315,578,642,575,492,774,631
Mir3088,0,0,0,0,0,0,0,0,0,0,0,0
Vapb,3523,3935,3371,2459,3423,1453,3263,2936,3312,2194,4513,3534
Ctnnd1,7949,7702,6854,5033,5792,3130,6834,6922,7739,4978,11010,8084
Gdf5,0,0,0,0,3,0,0,0,3,0,0,0
Cd302,4404,6098,4851,3528,4428,2272,4543,3838,3483,3008,6611,5400
Rad51,46,29,21,23,27,8,39,154,325,161,239,35
Mfap1b,2736,3107,2851,2001,2144,1087,2211,1959,2173,1467,3226,2988
Mfap1a,3205,3695,3377,2363,2576,1324,2619,2387,2661,1796,3825,3520
Lypd6,0,0,2,0,0,0,0,3,0,0,0,0
Rbl1,168,292,222,154,132,66,188,444,738,460,682,231
Sptan1,16188,19895,16611,12759,15164,7057,16589,15460,17045,12482,28848,19017
Ttl,1320,1363,1282,972,1084,576,1258,998,1109,681,1352,1331
Fmn1,265,353,319,242,213,97,252,336,523,303,527,331
Serping1,102128,124188,113258,88446,99256,49405,102001,109758,98547,96107,207242,122870
Hypk,876,1094,989,737,927,321,819,1081,1301,914,1722,971
Zfp341,226,185,154,130,130,71,149,157,154,121,245,190
Skida1,82,96,85,60,64,38,80,66,87,69,138,83
Epb4.1l1,1450,1790,1435,1108,1219,881,1450,1286,1796,961,2000,1708
Zfp345,4,0,0,0,5,0,0,0,0,2,5,0
Nrarp,20,14,16,10,8,6,7,11,8,3,10,18
Nxt1,212,293,237,200,215,104,195,331,372,224,487,282
Rnf208,24,20,23,23,15,6,11,6,5,14,24,22
Sh2d3c,209,234,212,211,185,124,108,177,133,139,367,302
Tmem8c,36,22,21,11,23,11,32,66,33,72,140,13
Sycp2,0,6,3,0,0,0,0,2,0,0,4,0
Dlx1,0,0,0,4,0,0,0,2,0,0,4,0
Dlx2,0,0,0,0,0,0,0,0,0,0,0,0
Gfi1b,0,0,0,0,0,0,0,0,0,0,0,0
1700054M17Rik,0,0,0,0,0,0,0,0,0,0,0,0
Ap5s1,371,427,322,310,291,151,293,372,343,283,562,369
Fcna,0,0,0,0,0,0,0,0,0,0,0,0
Il1f10,0,0,0,0,0,0,0,2,4,0,0,0
Sgk2,0,0,0,0,0,0,0,0,0,0,0,0
Ctsa,5499,6475,6123,4741,4973,2231,4901,5111,5835,3647,7540,6247
Vav2,1590,1544,1364,1037,1052,600,1194,1458,1524,1250,2928,1592
Ctsz,5958,7070,6706,5179,5595,2599,5697,5099,5739,3589,7583,6956
Rexo4,954,1052,958,814,828,424,830,899,1085,604,1703,1033
Gpr176,231,402,393,220,221,69,190,957,1349,692,1436,308
Metap1d,660,872,693,697,668,282,700,560,492,402,1026,655
Hoxd12,0,0,0,0,0,0,0,0,0,0,0,0
Cenpb,5248,5350,4598,3893,4878,2042,4850,4396,5327,3905,6795,4880
Hoxd10,0,0,0,0,0,0,0,0,0,0,0,0
Hoxd11,0,0,0,0,0,0,0,0,0,0,0,0
Snord67,0,0,0,0,0,0,0,0,0,0,0,0
Rpusd2,91,103,117,78,81,41,76,97,80,70,160,113
Ckap5,1882,2203,1875,1378,1663,791,1828,1999,2749,1794,3565,2073
Bbs5,182,266,209,157,194,90,181,185,184,143,268,229
Ptges2,399,440,354,350,365,172,401,518,535,344,821,442
Nudt5,248,276,267,208,231,107,211,407,545,286,590,265
Scn9a,0,0,0,0,0,0,0,0,0,0,0,0
Trim69,5,15,10,4,7,3,8,34,20,18,44,3
Prkra,572,734,581,460,568,235,556,657,684,488,925,657
Fbln7,275,866,870,698,370,213,407,321,327,186,294,789
Accs,436,530,414,350,357,144,295,335,301,269,664,460
Olfr1272,0,0,0,0,0,0,0,0,0,0,0,0
Gnas,33443,36852,30114,23563,30663,13423,29666,29727,34665,22438,43682,33321
Pkn3,31,21,6,20,28,4,11,63,124,46,107,26
Evx2,0,0,0,0,0,0,0,0,0,0,0,0
Ythdf1,1830,1942,1693,1412,1588,844,1665,1743,1940,1283,2632,1880
Napb,114,146,102,87,91,57,94,76,71,76,135,117
Snrpb,3090,3776,3153,2597,2959,1323,2772,3408,3983,2439,5159,3474
Ppp1r1c,0,0,0,0,0,0,0,0,0,0,0,0
4930529M08Rik,0,0,0,0,0,0,0,0,0,0,0,0
Mir7674,2,1,3,2,2,1,2,1,1,2,2,2
Spata5l1,198,148,179,161,166,68,155,186,219,106,268,147
Mir7678,0,1,1,1,0,1,0,1,1,1,1,1
Angpt4,170,186,174,147,221,115,197,114,121,73,137,212
Fam171a1,6250,6099,5481,3748,4993,2418,5168,5063,5007,3448,6889,6177
4930440I19Rik,0,0,0,0,0,0,0,0,0,0,0,0
Wfdc15a,0,0,0,0,0,0,0,0,0,0,0,0
Wfdc15b,0,0,0,0,0,0,0,0,0,0,0,0
Cds2,6034,2602,5790,4421,4854,2635,5319,4364,3932,3260,7713,7245
Slc2a10,1119,1280,1046,847,1105,454,1040,1095,1047,737,1699,1103
Cox4i2,5,8,6,0,5,8,13,13,18,5,16,13
Scn2a1,612,582,539,403,460,207,541,375,413,283,565,663
Fam107b,140,176,152,152,173,101,234,170,220,161,258,213
Alkbh3,484,649,459,439,416,188,424,527,526,449,869,537
Entpd6,164,221,180,159,187,78,185,230,331,184,395,167
Esf1,567,789,547,411,501,242,537,591,651,530,988,615
Entpd2,2602,3431,3916,4325,3460,2239,4072,1678,1908,1363,2182,4384
Hspa14,786,1003,822,645,699,326,792,1004,1205,804,1745,837
Entpd8,0,0,0,0,0,0,0,0,0,0,0,0
Zbtb43,685,754,646,555,624,232,485,519,620,410,940,692
Tor1a,810,943,846,654,764,391,722,801,897,558,1155,856
Zbtb46,189,195,206,210,164,89,166,203,238,146,394,202
Tor1b,2277,2604,2396,1794,1938,930,1949,2080,2261,1457,3176,2543
Map1lc3a,2738,2967,2419,2107,2229,1189,2507,1763,1672,1295,2641,2770
Olfr1257,0,0,0,0,0,0,0,0,0,0,0,0
Olfr1256,0,0,0,0,0,0,0,0,0,0,0,0
Olfr1255,0,0,0,0,0,0,0,0,0,0,0,0
Olfr1254,0,0,0,0,0,0,0,0,0,0,0,0
Olfr1253,0,0,0,0,0,0,0,0,0,0,0,0
Olfr1252,0,0,0,0,0,0,0,0,0,0,0,0
Olfr1251,0,0,0,0,0,0,0,0,0,0,0,0
Olfr1250,0,0,0,0,0,0,0,0,0,0,0,0
Cyct,0,0,0,0,0,0,0,0,0,0,0,0
Gpat2,0,0,5,0,5,0,3,2,14,0,0,0
Olfr1259,0,0,0,0,0,0,0,0,0,0,0,0
Olfr1258,0,0,0,0,0,0,0,0,0,0,0,0
Gm14405,0,0,0,0,0,0,0,36,25,0,0,0
Gm14403,862,1292,791,587,1002,305,712,819,743,712,1263,900
A930004D18Rik,262,187,194,131,203,86,205,236,287,217,350,212
Necab3,17,27,13,38,36,12,26,14,21,24,28,47
Phyhd1,1520,1849,1368,1381,1215,568,1079,1102,799,882,2450,1608
Slc9a8,1346,1700,1300,1260,1197,514,1073,1113,1111,880,2053,1427
Nsmf,3056,3320,3026,2640,2745,1217,2498,2439,2443,1798,3891,3244
Mgme1,400,455,495,340,436,176,364,311,372,198,449,511
Elmo2,3335,3449,3006,2747,3012,1488,3224,2689,3089,1870,4496,3526
4930555B11Rik,0,0,0,0,0,0,0,0,0,0,0,0
4833423E24Rik,0,0,0,0,0,0,0,0,0,0,0,0
Slc13a3,0,0,0,0,0,0,0,0,0,0,8,0
Pramel6,0,0,0,0,0,0,0,0,0,0,0,0
Pramel7,0,0,0,0,0,0,0,0,0,0,0,0
9630028H03Rik,0,0,0,0,0,0,0,0,0,0,0,0
Ctnnbl1,951,983,830,717,808,362,768,842,959,641,1467,980
Lrrc8a,2196,2076,1951,1688,1868,937,1842,2010,2202,1619,3585,2216
Mavs,1205,1375,1120,930,1049,479,1051,963,1061,720,1532,1260
Pofut1,3647,4165,3694,2661,3393,1601,3261,2868,3027,2089,4201,4388
Taf3,761,744,708,459,529,307,601,510,507,389,862,723
Sqrdl,2874,3728,3163,2353,2589,1372,2737,2230,2110,1694,3610,3649
Mastl,10,22,11,20,13,7,24,112,256,150,152,31
Gtsf1l,4,0,3,0,0,0,0,0,0,0,5,0
Phospho2,353,499,421,311,372,161,346,392,409,261,565,432
Anapc1,4990,5961,4881,3751,4375,2106,4732,5232,6269,4216,8517,5670
Fam217b,174,196,154,95,102,61,141,158,175,125,243,206
Lcn11,0,0,0,0,0,0,0,0,0,0,0,0
Mir3967,0,0,0,0,0,0,0,0,0,0,0,0
Mal,4,4,2,0,5,0,7,3,5,0,6,5
Mir3963,0,0,0,1,0,0,0,0,0,0,0,0
Slc28a2,0,0,0,0,0,0,0,0,3,0,3,2
Etohi1,511,685,368,348,376,191,302,373,367,295,743,367
Eif6,1234,1381,1209,993,1069,484,1116,1712,2203,1365,2995,1308
Gm13293,29,24,17,5,17,2,15,21,24,26,54,21
AA467197,0,0,0,2,0,0,2,62,113,70,112,6
Rbm43,698,998,765,604,665,284,681,715,771,562,1110,846
Aplnr,54,49,52,31,40,17,16,39,38,23,54,76
Rbm45,604,615,524,468,441,195,436,604,688,411,844,569
Rapgef4,102,87,78,62,50,28,48,25,31,22,41,117
Rapgef1,3534,3770,3415,2877,3243,1635,3331,3297,3573,2539,5424,4058
Ppdpf,778,882,767,617,770,295,689,698,831,429,962,877
Nostrin,476,501,463,280,340,169,355,307,263,278,558,456
Dpp4,287,585,493,953,619,321,566,320,264,234,336,1046
Dpp7,1193,1594,1581,1319,1227,573,1147,935,1072,676,1400,1668
Ptpmt1,474,612,492,336,434,220,437,487,581,425,805,563
Prnd,0,0,0,0,0,0,0,0,0,0,0,0
BC061194,15,18,5,0,0,0,0,3,0,0,0,7
Foxa2,8,5,3,8,7,4,6,5,3,3,6,0
Disp2,15,11,13,7,4,13,7,31,35,34,74,29
Sp9,0,0,0,0,3,0,0,0,0,0,0,0
Mir1902,1,1,1,1,1,1,1,1,1,1,1,1
Ccdc32,487,600,488,338,423,181,452,403,418,301,697,569
1700084E18Rik,4,8,1,3,4,1,4,7,8,9,12,5
Sp3,3239,2950,2970,2173,1883,1434,3046,2733,2476,2104,4140,3472
Epc2,1325,1628,1404,1089,1172,665,1221,1188,1126,918,1762,1508
Sp5,0,6,0,4,0,0,3,7,26,5,3,0
Ccdc34,267,354,296,229,225,127,236,331,515,279,457,309
Csrnp3,0,5,3,4,3,3,3,0,0,4,0,5
Col5a1,36895,29099,29487,26414,34012,16876,40867,49393,67250,35147,68743,32397
Macrod2,72,74,70,44,82,33,84,62,82,43,94,71
Gtf3c5,1218,1323,1088,879,900,476,920,1034,1106,502,1740,1237
Gtf3c4,1397,1484,1471,1052,1194,540,1264,1485,1778,918,2027,1500
Coq4,183,207,162,155,119,62,147,184,264,156,298,202
Ttll11,25,21,29,11,10,7,5,18,28,19,38,21
Pxmp4,682,851,698,519,573,299,649,580,611,446,774,803
Mc3r,0,0,0,0,0,0,0,0,0,0,0,0
Endog,236,267,266,219,193,101,165,190,163,141,303,298
Tbr1,0,0,0,0,3,0,0,0,0,0,2,0
Gm561,115,175,137,107,124,63,140,126,132,107,174,173
Surf1,1249,1551,1251,969,1018,493,1036,936,836,746,1595,1478
Trpm7,2612,3145,2562,2134,2446,1335,2763,2678,2871,2403,4387,2919
AU015228,62,76,55,40,41,25,40,64,73,40,99,64
Surf4,8224,9200,8192,5742,7268,3325,7918,11562,13547,8285,19195,8656
Surf6,500,555,518,445,479,204,457,540,626,396,937,543
Katnbl1,366,447,343,323,415,186,439,388,424,365,568,406
Cops2,946,1188,986,688,1567,831,909,1255,1376,943,1667,1048
Kcnq2,0,0,0,0,0,0,0,0,0,0,0,0
Bpifa2,642,531,442,257,611,89,385,276,297,140,167,361
Mir10b,0,0,0,0,0,0,0,0,0,0,0,0
Olfr1061,0,0,0,0,0,0,0,0,0,0,0,0
Il1rn,0,8,23,10,0,0,0,177,299,60,58,3
4930412B13Rik,0,0,0,0,0,0,0,0,0,0,0,0
Zfp106,5712,5961,5328,3933,4465,2364,5132,4889,5420,3851,8650,6039
Hck,17,10,0,5,3,3,12,33,67,48,123,4
Wipf1,2858,2666,2516,2278,1349,1392,2742,2149,2425,1804,3230,2883
Cobll1,372,386,400,296,254,145,250,248,341,215,486,471
Sel1l2,0,0,0,0,0,0,0,0,0,0,0,0
Ralgapb,2423,2748,2319,1929,2133,1097,2460,2150,2350,1796,3565,2661
Prex1,305,289,359,329,256,185,280,242,266,280,386,356
Ube2l6,1352,1823,1477,1036,1389,681,1373,2292,2715,1958,3983,1690
Olfr348,0,0,0,0,0,0,0,0,0,0,0,0
Gm3230,31,30,14,25,22,11,29,11,13,12,23,24
Olfr346,0,0,0,0,0,0,0,0,0,0,0,0
Olfr345,0,0,0,0,0,0,0,0,0,0,0,0
Olfr344,0,0,0,0,0,0,0,0,0,0,0,0
Echdc3,266,271,183,171,206,80,179,160,155,127,234,228
Olfr342,0,0,0,0,0,0,0,0,0,0,0,0
Olfr341,0,0,0,0,0,0,0,0,0,0,0,0
Olfr340,0,0,0,0,0,0,0,0,0,0,0,0
Olfr1082,0,0,0,0,0,0,0,0,0,0,0,0
Olfr1080,0,0,0,0,0,0,0,0,0,0,0,0
Olfr1086,0,0,0,0,0,0,0,0,0,0,0,0
Olfr1087,0,0,0,0,0,0,0,0,0,0,0,0
Olfr1084,0,0,0,0,0,0,0,0,0,0,0,0
Olfr1085,0,0,0,0,0,0,0,0,0,0,0,0
D330023K18Rik,50,57,54,44,58,21,64,39,39,45,61,51
Cep250,1484,1826,1424,1383,1318,625,1330,1161,1343,975,2197,1618
Sec61a2,600,738,540,575,586,278,613,715,624,524,1126,664
Mir297a-3,0,0,0,0,0,0,0,0,0,0,0,0
Mir297a-4,0,0,0,0,0,0,0,0,0,0,0,0
Dync1i2,2803,3119,2855,2015,2423,1234,2778,3025,3471,2351,5170,3187
E130215H24Rik,0,0,0,0,0,0,0,0,0,0,0,4
Rbms1,3721,3929,3703,2497,2414,1591,3037,3610,3913,2977,6681,4079
Ttn,3,9,7,0,2,0,2,4,8,3,5,10
Nnat,61,161,139,168,72,30,81,405,577,345,563,97
Jag1,300,531,532,519,449,310,617,402,514,370,622,625
Chst14,1650,1747,1618,1117,1374,606,1399,1365,1502,1063,2023,1734
Hoxd1,0,0,0,0,0,0,0,0,0,0,0,0
0610039K10Rik,7,5,5,0,2,0,3,7,1,6,3,2
4930583P06Rik,0,0,0,0,0,0,0,0,0,0,0,0
Gm13547,0,0,0,0,0,0,0,0,0,0,0,0
Snord57,7,10,6,6,5,1,5,3,2,6,13,8
Gm13544,0,0,0,0,0,0,0,0,0,0,0,0
Pex16,434,502,411,369,386,189,339,382,358,288,663,530
Nek6,752,721,659,505,655,292,726,1698,2052,1276,3118,666
Bloc1s6,521,645,547,424,444,193,441,561,709,456,917,631
A330069E16Rik,9,16,7,11,6,7,12,12,7,10,22,12
Ypel4,150,150,159,147,122,61,93,68,35,54,75,174
Zmynd8,2567,2540,2177,1977,1846,932,1847,2135,2604,1734,3597,2443
Eif3m,1571,2057,1754,1261,1678,848,1689,2079,2287,1597,3355,1905
Gm14057,76,90,62,69,88,41,89,57,75,23,98,70
Prnp,3940,5456,4778,3833,3982,2174,4114,3200,3247,2382,4391,4855
Fer1l4,0,0,0,0,0,0,0,0,0,0,0,0
Olfr1269,0,0,0,0,0,0,0,0,0,0,0,0
4931402G19Rik,0,0,0,0,0,0,0,0,0,0,0,0
Atp8b4,3,25,14,5,6,0,9,11,18,10,29,9
Olfr1262,0,0,0,0,0,0,0,0,0,0,0,0
Olfr1263,0,0,0,0,0,0,0,0,0,0,0,0
Olfr1260,0,0,0,0,0,0,0,0,0,0,0,0
Olfr1261,0,0,0,0,0,0,0,0,0,0,0,0
Snord14a,1,0,0,1,1,1,2,1,2,1,3,1
Olfr1264,0,0,0,0,0,0,0,0,0,0,0,0
Olfr1265,0,0,0,0,0,0,0,0,0,0,0,0
Paupar,0,0,0,0,0,0,0,0,0,0,0,0
F2,0,0,0,0,0,0,0,0,0,0,0,0
Gm13889,11855,8995,8406,6919,7410,4147,7700,6663,3836,4164,14562,9439
Chn1os3,19,23,16,16,22,7,21,22,27,37,59,13
Bpifa3,0,0,0,0,0,0,0,0,0,0,0,0
Olfr1062,0,0,0,0,0,0,0,0,0,0,0,0
Bpifa1,236,288,500,4,184,406,42,217,187,0,218,195
Bpifa6,0,0,0,0,0,0,0,0,0,0,0,0
Olfr1065,0,0,0,0,0,0,0,0,0,0,0,0
Olfr1066,0,0,0,0,0,0,0,0,0,0,0,0
Bpifa5,0,0,0,0,0,0,0,0,0,0,0,0
Fbxo3,2051,2377,1968,1349,1813,912,1739,1644,1818,1468,2628,2176
Mroh8,0,0,0,0,0,0,0,0,0,0,0,0
Msrb2,502,616,500,418,503,179,445,326,272,224,430,533
Ass1,26,24,8,31,22,18,128,24,33,66,30,89
Gyltl1b,0,0,0,0,0,0,0,0,3,0,0,0
Wfdc9,0,0,0,0,0,0,0,0,0,0,0,0
Phactr3,0,0,0,0,0,0,2,0,3,0,0,0
6720416L17Rik,0,0,0,0,0,0,0,0,0,0,0,0
Dclre1c,221,290,218,86,168,76,186,218,209,92,411,230
Cbln4,0,0,0,0,0,0,0,0,0,0,0,0
Osbpl2,1131,1231,1036,896,962,484,983,939,1033,771,1486,1325
Pla2g4b,0,3,0,47,0,0,0,0,0,0,0,0
5330411J11Rik,0,0,0,0,0,0,0,0,0,0,0,0
Osbpl6,584,557,520,395,473,248,508,335,396,276,516,566
Pla2g4f,0,0,0,0,0,0,2,3,0,0,0,0
Nkx2-4,0,0,0,0,0,0,0,0,0,0,0,0
Pla2g4d,0,0,0,0,0,0,0,0,0,0,0,0
Pygb,2234,2485,2380,2070,2387,1177,2448,1996,2464,1449,2908,2727
Gm826,2,6,5,4,6,4,3,0,0,0,5,4
Psd4,0,8,6,6,0,0,0,3,14,5,19,5
Sapcd2,0,0,0,0,0,0,6,27,96,51,51,0
4930412O13Rik,0,3,0,0,0,0,0,0,0,0,0,0
Apmap,1380,1745,1358,946,1205,494,1146,1334,1354,1022,1966,1566
Oip5,13,16,8,14,10,6,13,43,67,42,61,30
Snora17,2,2,0,3,1,1,0,0,1,3,5,1
Tnfaip6,1650,3470,2588,2539,2221,1591,3058,3422,2761,2572,4808,2844
Oser1,749,1005,841,577,763,381,728,782,752,517,1164,862
D430041D05Rik,746,843,762,487,616,270,688,562,565,568,854,694
Olfr367-ps,0,0,0,0,0,0,0,0,0,0,0,0
Pmpca,1321,1703,1345,1116,1235,589,1261,1526,1917,1149,2520,1465
Actc1,11,0,15,17,16,6,6,3,13,0,0,15
Flrt3,24,94,59,29,52,17,35,26,96,36,43,94
Acss2os,0,0,0,0,0,0,0,0,0,0,0,0
Ssb,2211,2675,2186,1842,2190,998,2316,2571,3324,2201,4431,2371
4930405A21Rik,0,3,0,0,0,0,0,0,3,0,0,0
Cat,3113,3694,3104,2412,2589,1285,2768,2428,2527,1838,3735,3525
Ly75,4,2,5,0,0,0,2,34,97,23,80,3
Adal,483,482,360,296,412,186,402,389,377,221,484,452
Exosc2,364,557,425,341,342,140,398,449,601,330,775,508
Zeb2,6602,10320,8601,5964,4533,3613,7269,6139,8464,5960,11263,9741
Fam98b,652,715,624,496,587,273,530,744,858,529,1053,655
Ifih1,995,1244,972,781,875,449,868,1340,1656,1302,2789,1199
Prn,0,3,7,0,2,0,6,6,0,2,0,6
Usp50,0,0,0,0,0,0,2,0,0,0,0,0
Sp3os,121,134,99,82,95,54,109,89,68,57,117,153
Rnf224,0,0,0,0,0,0,0,0,0,0,0,0
Ccdc34os,0,0,0,0,0,0,0,0,0,0,0,0
Fam163b,3,0,0,0,3,0,2,6,28,3,16,0
Asxl1,1790,1966,1718,1648,1598,728,1543,1543,2006,1496,3296,2011
Ism1,13339,13752,12233,8335,10898,5028,12084,12043,11751,11978,21957,12560
Gm13315,364,422,370,259,387,132,328,499,685,362,835,361
Dll4,47,34,14,20,22,30,0,40,23,11,63,85
Tmem87b,1849,2214,1848,1522,1773,919,1841,1590,1570,1545,3366,2082
Tmem87a,696,859,794,472,621,543,621,664,713,529,1099,828
Hipk3,3936,3452,3200,2840,3907,2120,3572,3580,3880,3004,5189,4517
Srxn1,1402,1948,1590,1153,1271,594,1397,1341,1273,930,2075,1675
Gpr155,886,927,787,552,692,411,671,533,457,467,878,897
Olfr228,0,0,0,0,0,0,0,0,0,0,0,0
Gpr158,0,0,0,0,0,0,0,0,0,0,0,0
Scrt2,0,0,0,0,0,0,0,0,0,0,0,0
Rpn2,12822,15685,13129,9636,11042,5016,11652,13825,15809,10861,21890,14320
AA543186,12,20,13,7,4,5,4,9,7,8,23,16
Mrrf,499,627,494,385,473,239,435,525,581,377,828,577
Gm6793,0,0,0,0,0,0,0,0,0,0,0,0
Depdc7,20,26,20,0,8,5,15,9,17,17,14,13
Tmem189,692,756,647,515,621,314,733,867,1046,573,1173,661
Mir124a-3,0,0,0,0,0,0,0,0,0,0,0,0
Zfp335,1563,1528,1299,1281,1283,573,1311,1282,1395,985,2426,1488
Commd9,423,583,447,381,381,195,431,524,573,376,770,503
Etl4,385,513,413,311,340,168,359,345,466,278,428,455
Ssrp1,3537,4486,3750,2787,2907,1394,3208,4035,5475,3042,6626,4049
Commd3,814,1152,966,755,880,396,911,1072,1221,831,1627,1007
Commd7,864,1024,815,649,860,315,792,893,962,550,1307,952
Mir181b-2,0,0,0,0,0,0,0,0,0,0,0,0
Olfr358,0,0,0,0,0,0,0,0,0,0,0,0
Olfr354,0,0,0,0,0,0,0,0,0,0,0,0
Olfr355,0,0,0,0,0,0,0,0,0,0,0,0
Olfr356,0,0,0,0,0,0,0,0,0,0,0,0
Olfr357,0,0,0,0,0,0,0,0,0,0,0,0
Olfr350,0,0,0,0,0,0,0,0,0,0,0,0
Olfr351,0,0,0,0,0,0,0,0,0,0,0,0
Olfr352,0,0,0,0,0,0,0,0,0,0,0,0
Olfr353,0,0,0,0,0,0,0,0,0,0,0,0
Olfr1095,0,0,0,0,0,0,0,0,0,0,0,0
Olfr1094,0,0,0,0,0,0,0,0,0,0,0,0
Olfr1097,0,0,0,0,0,0,0,0,0,0,0,0
Snhg11,24,182,107,118,19,10,17,36,25,13,89,179
Olfr1090,0,0,0,0,0,0,0,0,0,0,0,0
Olfr1093,0,0,0,0,0,0,0,0,0,0,0,0
Haus2,494,574,461,316,420,195,399,413,542,391,731,578
Olfr1098,0,0,0,0,0,0,0,0,0,0,0,0
2310002J15Rik,0,0,0,0,0,0,0,0,0,0,0,0
Nkx2-2,0,0,0,0,0,0,0,0,2,0,0,0
C130080G10Rik,0,0,0,0,0,0,2,0,0,0,0,0
Mmp24,0,0,0,0,0,0,0,3,0,2,3,0
Strbp,206,263,201,163,215,107,216,176,216,135,290,260
Bmf,2297,1769,1892,1476,1530,800,1413,1219,1429,927,1869,2300
4921504E06Rik,0,0,0,0,0,0,0,0,0,0,0,0
Abi1,2211,2556,2110,1105,1188,775,2138,2168,2277,1807,3682,1751
Ttll9,0,0,0,0,0,0,0,0,2,0,0,0
Ogfr,1051,1160,1011,947,975,493,941,1800,2453,1581,3732,1123
Emc7,1831,2311,1820,1317,1596,745,1563,1811,1864,1445,3021,1977
9430019J16Rik,0,0,0,0,0,0,0,0,0,0,0,0
Mettl15,103,146,123,87,117,43,129,123,122,80,153,130
Mmadhc,1289,1751,1274,1011,1172,583,1343,1442,1591,1012,2195,1468
1110051M20Rik,832,972,858,586,733,328,687,685,809,501,1045,957
OTTMUSG00000016609,0,633,0,0,0,0,0,0,323,0,1340,0
Chn1,522,695,575,427,388,201,364,619,1351,750,1135,612
Spi1,10,11,8,0,9,3,8,16,8,16,35,5
Hdc,14,82,20,29,20,8,15,42,108,48,85,32
Hnmt,245,301,286,156,224,127,212,139,132,144,188,303
Myo3a,0,0,0,0,0,0,0,0,0,0,0,0
Myo3b,0,0,0,0,0,0,0,2,3,0,0,0
A230108P19Rik,0,0,0,0,0,0,0,0,0,0,0,0
Lnp,967,1193,928,691,939,446,813,817,840,699,1353,1079
Sardh,1704,1810,1481,1086,1507,643,1460,2270,2785,1845,3502,1566
Rtfdc1,1871,2111,1828,1350,1561,686,1559,1893,2078,1283,2977,2049
Mapre1,3204,4162,3189,2429,3292,1577,3576,3953,4486,3141,6074,3535
Morn5,0,0,0,0,0,0,0,0,7,3,7,0
Sestd1,2471,2937,2260,2051,2291,1059,2467,1852,1992,1429,3173,2820
Astl,0,0,0,0,0,0,0,0,0,0,0,0
Sirpa,3585,3838,3696,2996,3697,1576,4227,3702,4229,2593,7039,4016
Uckl1,855,937,785,670,708,304,694,742,743,503,1167,887
Rpp38,72,107,59,60,73,26,72,97,108,69,170,83
Olfr993,0,0,0,0,0,0,0,0,0,0,0,0
Atg13,1524,1715,1572,1210,1199,648,1104,1397,1451,1012,2262,1740
Olfr1279,0,0,0,0,0,0,0,0,0,0,0,0
Olfr1278,0,0,0,0,0,0,0,0,0,0,0,0
Gtdc1,226,372,286,192,192,110,192,218,284,178,335,267
Olfr1275,0,0,0,0,0,0,0,0,0,0,0,0
Olfr1277,0,0,0,0,0,0,0,0,0,0,0,0
1700080N15Rik,0,0,0,0,0,0,0,0,0,0,0,0
Zbtb26,171,153,143,111,174,82,121,165,216,119,285,157
Olfr1270,0,0,0,0,0,0,0,0,0,0,0,0
1700028P15Rik,0,0,0,0,0,0,0,0,0,0,0,0
Olfr1079,0,0,0,0,0,0,0,0,0,0,0,0
4930568D16Rik,0,0,0,0,0,0,0,0,0,0,0,0
Asb6,822,816,711,661,708,340,718,786,839,504,1233,761
D930015M05Rik,0,0,0,0,0,0,0,0,0,0,0,0
Olfr1076,0,0,0,0,0,0,0,0,0,0,0,0
Otud1,916,874,771,697,694,352,738,503,471,379,800,1060
Gm14461,0,0,0,0,0,0,0,0,0,0,0,0
Stamos,0,5,0,6,0,0,0,5,0,0,11,0
4930473A02Rik,0,0,0,0,0,0,0,0,0,0,0,0
Rprm,0,3,2,7,0,0,1,3,3,2,1,2
Mir466b-2,0,0,0,0,0,0,0,0,0,0,0,0
Mir466b-3,0,0,0,0,0,0,0,0,0,0,0,0
Gm11468,0,0,0,0,0,0,0,0,0,0,0,0
Gm6307,0,0,0,0,0,0,0,0,0,0,0,0
Ap4e1,714,899,719,650,639,337,620,613,685,548,1161,777
Siglec1,0,0,0,0,0,0,0,0,0,0,10,0
Slc1a2,326,271,259,177,156,129,158,256,166,154,268,330
Vps39,1816,1554,1805,1466,1496,747,1485,1557,1543,1135,1534,2197
Dlgap4,4088,4008,3662,3567,3732,1788,3890,3577,3639,2602,6683,4039
Casc4,4708,4766,3681,2291,4049,1813,4164,2771,2682,2558,4004,3980
Mir219-2,0,0,0,0,0,0,0,0,0,0,0,0
Cyp24a1,0,0,0,0,0,0,0,0,0,0,0,0
Smox,651,719,688,503,627,304,602,515,582,360,715,727
Olfr1039,0,0,0,0,0,0,0,0,0,0,0,0
Zfp770,280,351,242,223,269,94,184,210,257,191,330,276
Ubr1,2102,2703,2107,1563,1833,957,2031,1807,1920,1528,3094,2510
Gpr21,3,6,1,2,7,1,0,3,4,5,5,7
Fam188a,590,700,613,485,538,269,559,699,721,464,1152,570
Rhov,0,0,0,0,0,0,0,0,0,0,0,0
C1qtnf4,43,36,24,19,39,10,29,18,11,14,25,34
Fut7,3,7,3,0,0,0,0,0,2,0,2,2
Dnajc17,180,245,202,162,139,72,159,151,171,144,310,226
Dnajc10,4896,6367,5447,3699,4525,2197,4370,4896,5870,3816,6969,5814
Mall,0,0,0,0,0,2,0,2,0,0,2,0
9130015L21Rik,0,0,0,0,0,0,0,0,0,0,0,0
Spg11,2336,2616,2019,1714,1929,913,2133,1694,1800,1398,2824,2414
Cutal,225,177,140,103,147,85,148,102,65,58,128,181
Mir8093,3,2,1,2,2,1,1,1,1,2,2,1
Sec23b,1382,1606,1440,1007,1302,579,1427,1699,1811,1187,3360,1432
Slc2a8,978,1005,897,721,765,344,628,604,644,455,996,972
Nelfb,2010,2304,2107,1687,1924,832,1785,1838,2159,1322,2895,2260
Slc2a6,0,4,6,5,0,0,0,22,33,28,90,0
Pamr1,9175,12017,11362,7856,9266,3707,8379,5100,4612,4350,7820,11001
G6pc2,0,0,0,0,0,0,0,0,0,0,0,0
Mir669a-2,0,0,0,0,0,0,0,0,0,0,0,0
Mir669a-3,0,0,0,0,0,0,0,0,0,0,0,0
Pcsk2os1,0,0,0,0,0,0,0,0,0,0,0,0
Pcsk2os2,0,0,0,0,0,0,0,0,0,0,0,0
Plcb1,323,387,299,209,236,138,233,300,293,197,390,429
Plcb2,4,7,3,4,0,2,3,2,9,3,12,0
Plcb4,498,669,548,469,401,261,499,483,483,352,832,687
Duox1,7,7,14,30,9,0,15,0,3,4,0,27
Duox2,0,0,0,0,0,0,0,0,0,0,0,0
Dbhos,0,0,0,0,0,0,0,0,0,2,2,0
Acot8,211,234,218,178,176,89,174,216,255,144,325,243
Zhx3,2388,1948,1882,1348,1598,989,1950,1305,1357,1216,2068,2247
2810408M09Rik,454,521,428,375,382,160,374,381,426,266,597,456
Lamc3,2011,2335,2998,2078,1820,1045,1739,1136,1239,750,1849,2461
4921509C19Rik,0,2,0,0,0,0,0,0,0,0,0,0
Dbndd2,489,605,557,454,477,250,492,571,611,416,979,640
E130018N17Rik,7,0,0,0,0,0,0,4,3,2,2,0
Cd93,283,224,184,112,125,188,70,271,127,122,686,459
Ola1,706,943,715,522,624,317,715,915,1110,795,1365,769
Angptl2,8719,8695,8808,7112,7331,4132,7411,6421,7062,5149,7314,9705
Mir499,0,0,0,0,0,0,0,0,0,0,0,0
Qrfp,0,0,0,0,0,0,0,0,0,0,0,0
4932414N04Rik,0,0,0,0,0,0,0,0,0,0,0,0
4930528P14Rik,0,0,0,0,0,0,0,0,0,0,0,0
Apip,369,519,414,328,377,155,365,534,597,424,989,525
Eid1,2943,3489,3132,2031,3208,1326,2882,2864,3127,2051,3721,3129
Kcna4,0,0,0,0,0,0,0,0,0,0,0,0
Gata5,2882,2610,1766,1474,2405,794,2013,2148,2435,1917,4055,2196
Gata3,5,18,0,0,0,0,5,5,6,3,9,4
2310001K24Rik,0,1,1,3,1,0,4,1,0,0,2,0
Src,1884,1456,1405,1423,1609,686,1506,2031,2109,1756,3427,1779
Ccdc173,47,78,51,52,41,17,45,50,51,17,69,57
Olfr1116-ps,0,0,0,0,0,0,0,0,0,0,0,0
Fibcd1,0,0,0,0,0,0,0,0,0,2,0,0
Olah,0,0,0,0,0,0,0,0,0,0,0,0
Kcns1,0,0,0,0,0,0,0,0,2,0,3,0
Api5,2361,2698,2238,1588,2148,960,2054,2696,3093,1995,3991,2436
Rasgrp1,3,5,3,0,0,2,3,3,0,5,15,0
Zak,3795,4109,3334,2636,3295,1376,3067,2638,2716,2000,4179,3770
Lypd6b,0,0,3,0,0,0,0,0,0,0,0,0
Nfs1,792,1012,861,691,724,365,733,783,937,570,1345,918
2700094K13Rik,286,309,267,202,226,127,202,610,1088,478,722,309
Olfr1173,0,0,0,0,0,0,0,0,0,0,0,0
2900097C17Rik,9745,10410,8927,6720,9827,4094,8448,7733,8628,6102,11992,9886
4933433C11Rik,0,10,0,0,4,0,15,0,2,0,2,0
Snord90,0,0,0,0,0,0,0,0,0,0,0,0
Tldc2,0,0,0,0,0,0,0,0,0,0,0,0
Fastkd1,249,277,207,194,239,111,262,209,207,160,377,215
Olfr368,0,0,0,0,0,0,0,0,0,0,0,0
Olfr361,0,0,0,0,0,0,0,0,0,0,0,0
Olfr360,0,0,0,0,0,0,0,0,0,0,0,0
Olfr362,0,0,0,0,0,0,0,0,0,0,0,0
Olfr365,0,0,0,0,0,0,0,0,0,0,0,0
Olfr366,0,0,0,0,0,0,0,0,0,0,0,0
Mir6339,0,0,0,0,0,0,0,0,0,0,0,0
Mir6337,0,0,0,0,0,0,0,0,0,0,0,0
Mir6336,0,0,0,0,0,0,0,0,0,0,0,0
Mir6335,0,0,0,0,1,0,0,0,0,0,0,0
Ncs1,267,348,322,304,328,163,397,478,791,332,704,371
Glt6d1,0,0,0,0,0,0,0,0,0,0,0,0
Cytip,3,18,5,3,4,7,5,7,7,14,27,10
Olfr141,0,0,0,0,0,0,0,0,0,0,0,0
Olfr140,0,0,0,0,0,0,0,0,0,0,0,0
Olfr142,0,0,0,0,0,0,0,0,0,0,0,0
Calcrl,476,590,497,305,344,293,200,604,537,291,965,852
Atp9a,1413,1428,1463,1221,1384,788,1426,1016,1076,805,1610,1613
Mir7685,0,0,0,0,0,0,0,0,0,0,0,0
Myh7b,0,0,0,0,3,0,0,0,0,0,0,0
Lrsam1,910,1054,837,741,751,327,631,699,713,463,987,994
Ccm2l,25,32,15,10,13,13,2,14,8,8,55,39
Ube2c,12,9,8,4,22,2,30,164,502,236,270,14
Slc5a12,2,2,0,0,0,0,0,5,0,0,0,9
Arrdc1,267,332,267,300,321,142,276,268,319,221,500,343
Cdnf,109,116,87,63,77,38,80,55,52,54,55,87
Map1a,1549,1690,1656,1481,1639,774,1752,2091,2728,1455,3061,1753
Lin7c,1224,1521,1109,866,1211,556,1107,1185,1213,992,1657,1264
Fjx1,50,52,60,68,65,44,61,97,119,84,141,85
Jmjd7-pla2g4b,299,347,277,275,379,154,342,232,258,143,418,322
Fshb,0,0,0,0,0,0,0,0,0,0,0,0
Sord,1239,1644,1454,1132,1291,690,1310,819,904,856,1236,1566
Dcaf17,469,534,425,423,396,182,385,433,530,359,768,546
C8g,26,12,18,6,10,6,8,24,9,10,41,31
Elp4,359,447,317,225,272,137,298,350,392,256,495,372
Duoxa1,2,19,7,14,6,6,5,0,0,10,4,22
1500012F01Rik,452,762,686,469,507,229,575,713,844,605,1602,639
Duoxa2,0,0,0,0,0,0,0,0,0,0,0,0
Sephs1,1311,1382,1241,940,1181,571,1102,1268,1461,946,1734,1322
Zfp831,0,0,0,0,0,0,0,0,2,0,2,0
Olfr1280,0,0,0,0,0,0,0,0,0,0,0,0
Olfr1281,0,0,0,0,0,0,0,0,0,0,0,0
Olfr1282,0,0,0,0,0,0,0,0,0,0,0,0
Olfr1283,0,0,0,0,0,0,0,0,0,0,0,0
5330413P13Rik,0,0,0,0,0,0,0,0,0,0,0,0
Olfr1286,0,0,0,0,0,0,0,0,0,0,0,0
Olfr1287,0,0,0,0,0,0,0,0,0,0,0,0
Olfr1288,0,0,0,0,0,0,0,0,0,0,0,0
Olfr1289,0,0,0,0,0,0,0,0,0,0,0,0
Thbs1,143247,191759,117893,82750,109010,68191,133646,148925,159788,120208,265999,130091
Zbtb34,528,510,452,358,468,213,476,483,517,369,844,520
Brd3,2141,2034,1876,1680,1843,923,1944,1745,2087,1279,2813,2216
Olfr1048,0,0,0,0,0,0,0,0,0,0,0,0
Olfr1049,0,0,0,0,0,0,0,0,0,0,0,0
Olfr1046,0,0,0,0,0,0,0,0,0,0,0,0
Olfr1047,0,0,0,0,0,0,0,0,0,0,0,0
Olfr1044,0,0,0,0,0,0,0,0,0,0,0,0
Olfr1045,0,0,0,0,0,0,0,0,0,0,0,0
Sys1,710,756,679,576,580,305,606,735,873,534,1136,819
Olfr1043,0,0,0,0,0,0,0,0,0,0,0,0
Olfr1040,0,0,0,0,0,0,0,0,0,0,0,0
6430550D23Rik,15,19,0,12,19,0,12,13,13,18,31,15
Gm14327,0,4,0,0,0,0,0,0,0,0,10,8
Gm14326,778,934,671,417,619,213,631,620,750,537,1188,688
Gm14325,1053,1320,913,716,980,358,895,973,1138,772,1697,1015
Gm14322,972,1073,808,657,792,318,538,711,739,587,1403,819
Tbpl2,0,0,0,0,0,0,0,0,0,0,0,0
Ttc21b,777,972,773,551,639,370,648,731,763,579,1047,915
Manbal,842,1127,1019,686,743,391,864,887,845,715,1418,1042
Rsu1,2629,3197,2694,2010,2444,1169,2675,2851,3036,2308,4427,2959
Phf20,1263,1344,1262,931,1071,564,1033,1060,1140,792,1666,1439
2310005A03Rik,0,0,0,0,0,0,0,0,0,0,0,0
Tasp1,304,380,313,243,314,117,292,319,385,317,627,350
Ndufaf5,202,244,215,168,177,67,184,207,289,157,394,186
Itgb6,5,4,4,2,3,0,3,6,7,0,9,0
Fap,215,458,414,501,376,202,512,335,414,219,372,443
Grb14,185,166,189,151,137,89,160,260,296,276,606,193
Snph,5,0,2,7,8,0,0,3,2,0,7,3
Pigt,2562,2460,2106,1778,2387,1002,2136,2963,3760,2213,4389,2432
Pdcl,996,1232,923,630,881,458,813,862,936,636,1269,1095
Cybrd1,128,108,168,95,130,78,101,70,89,50,86,224
Tcf15,33,19,17,24,17,6,17,6,8,0,30,22
Cst12,0,0,0,0,0,0,0,0,0,0,0,0
Gm13939,0,0,0,0,0,0,0,0,0,0,0,0
Kif5c,0,13,3,13,3,0,6,13,15,4,15,10
Pabpc1l,4,8,0,4,2,0,0,10,7,5,31,0
Zfp408,403,398,329,336,305,169,330,382,448,309,667,391
Ttbk2,1086,1263,1055,846,1099,561,1135,1025,944,743,1602,1153
Tmx4,1447,1804,1648,1077,1469,828,1356,1228,1345,946,1860,1846
Tmx2,1541,1953,1562,985,1379,564,1183,1556,1607,1017,2095,1709
Tor2a,923,906,901,790,939,419,793,1062,1220,685,1565,975
6330409D20Rik,0,0,0,0,0,0,0,0,0,0,0,0
Trp53rk,210,189,171,142,152,70,156,141,199,103,254,189
Efcab8,0,0,0,0,0,0,0,0,0,0,0,0
A730017L22Rik,81,98,80,96,107,40,76,100,101,68,144,81
Nxph2,0,0,0,0,0,0,0,0,0,0,0,0
Cdc123,930,1233,1044,757,889,434,922,1090,1286,898,1618,1147
Smtnl1,0,0,0,0,0,0,0,0,0,0,0,0
Olfr1242,0,0,0,0,0,0,0,0,0,0,0,0
4930591A17Rik,0,0,0,0,0,0,0,0,0,0,0,0
Zer1,2321,2296,1937,1736,1968,981,1698,1501,1536,1180,2544,2355
Cbfa2t2,1366,1402,1246,947,1214,552,1274,1032,1206,859,1851,1370
Ttc17,1681,1775,1588,1176,1306,720,1493,1570,1612,1199,2602,1747
Ttc16,12,5,10,10,9,7,6,7,7,4,25,12
Ankef1,0,5,7,5,0,0,2,0,7,3,6,10
Gm1322,0,0,0,0,0,0,0,0,0,0,0,0
Gm1631,0,0,0,0,0,0,0,0,0,0,0,0
Fsip1,0,0,0,0,0,0,0,0,0,0,5,0
Idh3b,2186,2981,2385,1844,1996,982,1934,2291,2455,1640,3621,2535
Arhgap40,0,0,0,0,0,0,0,0,0,0,0,0
4930547E08Rik,0,0,0,0,0,0,0,0,0,0,0,0
Gm17762,21,16,16,16,26,12,11,16,27,8,40,19
Cd82,7368,11502,9753,6167,5653,3911,8127,8455,7074,6184,13467,6797
Gm5535,0,0,0,0,0,0,0,0,0,0,0,0
Gbgt1,70,76,77,82,65,39,63,56,68,66,91,96
Zeb2os,177,204,194,145,167,73,189,150,157,96,253,230
Egfl7,172,145,125,84,97,107,50,168,121,80,369,263
Taf4a,961,953,826,792,828,419,976,674,798,554,1373,908
Rprd1b,1412,1564,1412,966,1127,512,1188,1319,1403,1028,1870,1429
Bmyc,628,646,537,481,562,282,468,376,366,312,524,691
Trpc4ap,4076,4410,3940,3337,3834,1806,3598,4030,4630,3077,6719,4526
Zc3h8,79,102,111,59,74,33,86,70,104,65,157,87
1810024B03Rik,0,5,0,0,2,0,0,0,0,0,0,0
Pfdn4,216,331,246,206,212,90,169,247,340,227,410,266
Sohlh1,0,3,0,0,0,0,0,0,0,0,0,0
Zc3h6,492,813,577,449,348,239,353,308,291,312,489,706
Gm711,0,0,0,0,0,0,0,0,0,0,0,0
Kcnb1,2579,2351,1852,1393,2357,906,2087,1348,1352,1094,2155,2348
Ndor1,1375,1491,1275,1202,1087,526,1011,1091,1087,757,1820,1480
Wfdc6a,15,0,8,5,11,4,0,9,0,0,9,7
Wfdc6b,0,0,8,0,0,0,2,4,0,0,8,0
4930430A15Rik,0,0,0,0,0,0,0,0,0,0,0,0
Kcnt1,0,0,0,0,0,0,0,0,0,2,0,0
Arfrp1,1187,1370,1111,957,1021,473,961,807,843,561,1422,661
Tmem210,0,0,0,0,0,0,0,0,0,0,0,0
B230312C02Rik,0,0,0,0,0,0,0,0,0,0,0,0
Chchd5,173,238,174,157,152,94,140,191,231,180,276,227
Clp1,300,452,412,311,317,157,371,336,298,229,442,448
Lmo2,302,641,510,719,487,299,554,428,414,322,595,719
Mir467b,0,0,0,0,0,0,0,0,0,0,0,0
Atrn,2631,2663,2504,1790,2151,1137,2425,2163,2418,1676,3702,2761
Bpifb9b,0,0,0,0,0,0,0,0,0,0,0,0
Bpifb9a,0,0,0,0,0,0,0,0,0,0,0,0
Knstrn,29,51,46,30,28,15,48,412,671,319,593,40
Meig1,0,0,0,0,0,0,0,0,0,0,0,0
Noxa1,0,0,0,0,0,0,0,0,0,0,0,0
Pin1rt1,156,163,132,120,146,60,154,172,215,142,271,171
Ppp6c,774,906,682,542,699,335,735,880,1028,706,1365,832
Ivd,3841,4441,3280,2511,2717,1518,2231,2719,2436,1671,3762,4130
Samhd1,3511,3644,3099,2717,3102,1502,3351,4747,5597,4957,11796,3593
St8sia6,4,16,5,4,0,0,0,8,5,5,4,17
Slc38a11,0,0,0,0,0,0,0,0,0,0,0,0
Tanc1,2489,2598,2279,1643,1842,944,1878,2302,2456,1930,3863,2621
Itpka,21,41,22,21,17,0,16,26,15,3,26,36
Itih2,211,266,305,245,299,150,343,117,131,97,136,322
Itih5,1330,3013,2381,2764,2061,1129,2342,1683,2200,1142,1462,3541
4930545L23Rik,0,0,0,0,0,0,0,0,0,0,0,0
Nelfcd,886,1041,747,677,741,323,767,875,1102,713,1496,972
Psmd14,877,1228,906,669,859,372,923,1346,1623,1184,2409,992
Dolpp1,429,417,366,320,397,165,376,413,474,303,593,408
Neurod1,0,0,0,0,0,0,0,0,0,0,0,0
Thnsl1,136,223,153,113,138,74,115,130,131,102,143,157
Olfr152,0,0,0,0,0,0,0,0,0,0,0,0
Olfr153,0,0,0,0,0,0,0,0,0,0,0,0
Lcmt2,884,1209,720,659,638,465,898,561,503,325,713,910
Olfr154,0,0,0,0,0,0,0,0,0,0,0,0
Lmx1b,0,0,0,0,0,0,0,0,0,0,0,0
Defb45,0,0,0,0,0,0,0,0,0,0,0,0
Rnd3,3250,4451,3440,2505,2837,1600,3361,3232,3109,2804,5378,3742
Mapkbp1,1123,1399,1033,1070,1076,513,1087,1019,1346,900,1891,1211
Cass4,1882,1628,1278,957,1104,614,1287,1285,1108,769,1881,1769
Ppp2r4,3345,3930,3327,2569,2871,1372,2779,3735,4308,2636,5773,3728
Swi5,2513,3563,2836,2069,2261,1157,2504,2225,3654,2202,4468,2924
Pomt1,1567,1724,1368,1131,1375,610,1290,1144,1202,661,1666,1604
Bmp7,409,472,412,351,356,211,306,288,215,132,331,584
Qser1,1329,1589,1303,1090,1350,683,1460,1429,1669,1126,2109,1517
Gm14204,0,0,0,0,0,0,0,0,0,0,0,0
Bmp2,195,326,256,304,220,133,219,146,147,88,227,363
Gm14207,0,0,0,0,0,0,0,0,0,0,0,0
Il1bos,0,0,0,0,0,0,0,0,0,0,0,0
Rxra,4463,4102,3920,3063,3572,1796,3606,3472,3941,2696,5700,4397
1110008F13Rik,991,1121,869,763,877,388,951,1227,1439,871,1967,1040
9030204H09Rik,0,0,0,0,0,0,0,0,0,0,0,0
Tmem141,87,136,114,79,107,35,89,130,126,74,161,112
Chst1,499,688,530,436,370,209,353,460,416,198,483,803
Baz2b,2321,2637,2200,1781,1967,935,2069,1719,1696,1445,3133,2624
